tuid,ugroup,explanationType,faceSelected,selectedShapeIndex,predictedShapeChoiceIndex,trueShapeChoiceIndex,isCorrectPrediction,stepActionType,param1,param2,param3,param4,blockId,actionName,objectLogName,date,time
UID_Hg08dP61na51ZM56rQ,E,,3,1,1,1,yes,SubmitConfidenceForShape,,,,,confidence_rating1_stage_i0_Explanation_ShapeIndex_1228_a,click,confidence_rating1_stage_i0_Explanation_ShapeIndex_1228_a_SubmitRatingBtn,06:51:29 02.07.25,1751439089
UID_Hg08dP61na51ZM56rQ,E,,4,5,5,5,yes,SubmitConfidenceForShape,,,,,confidence_rating1_stage_i0_Explanation_ShapeIndex_218,click,confidence_rating1_stage_i0_Explanation_ShapeIndex_218_SubmitRatingBtn,06:52:36 02.07.25,1751439156
UID_Hg08dP61na51ZM56rQ,E,,4,6,4,4,yes,SubmitConfidenceForShape,,,,,confidence_rating1_stage_i0_Explanation_ShapeIndex_6999,click,confidence_rating1_stage_i0_Explanation_ShapeIndex_6999_SubmitRatingBtn,06:53:30 02.07.25,1751439210
UID_Hg08dP61na51ZM56rQ,E,,4,2,8,7,no,SubmitConfidenceForShape,,,,,confidence_rating1_stage_i0_Explanation_ShapeIndex_429,click,confidence_rating1_stage_i0_Explanation_ShapeIndex_429_SubmitRatingBtn,06:54:49 02.07.25,1751439289
UID_Hg08dP61na51ZM56rQ,E,,5,7,7,7,yes,SubmitConfidenceForShape,,,,,confidence_rating1_stage_i0_Explanation_ShapeIndex_1229,click,confidence_rating1_stage_i0_Explanation_ShapeIndex_1229_SubmitRatingBtn,06:56:06 02.07.25,1751439366
UID_Hg08dP61na51ZM56rQ,E,,2,7,7,8,no,SubmitConfidenceForShape,,,,,confidence_rating1_stage_i0_Explanation_ShapeIndex_128,click,confidence_rating1_stage_i0_Explanation_ShapeIndex_128_SubmitRatingBtn,06:57:43 02.07.25,1751439463
UID_Hg08dP61na51ZM56rQ,E,,5,1,2,1,no,SubmitConfidenceForShape,,,,,confidence_rating1_stage_i0_Explanation_ShapeIndex_6569,click,confidence_rating1_stage_i0_Explanation_ShapeIndex_6569_SubmitRatingBtn,06:59:12 02.07.25,1751439552
UID_Hg08dP61na51ZM56rQ,E,,5,6,2,2,yes,SubmitConfidenceForShape,,,,,confidence_rating1_stage_i0_Explanation_ShapeIndex_219,click,confidence_rating1_stage_i0_Explanation_ShapeIndex_219_SubmitRatingBtn,06:59:45 02.07.25,1751439585
UID_Hg08dP61na51ZM56rQ,E,,1,7,7,6,no,SubmitConfidenceForShape,,,,,confidence_rating1_stage_i0_Explanation_ShapeIndex_7108,click,confidence_rating1_stage_i0_Explanation_ShapeIndex_7108_SubmitRatingBtn,07:02:08 02.07.25,1751439728
UID_Hg08dP61na51ZM56rQ,E,,5,2,2,2,yes,SubmitConfidenceForShape,,,,,confidence_rating1_stage_i0_Explanation_ShapeIndex_1228_b,click,confidence_rating1_stage_i0_Explanation_ShapeIndex_1228_b_SubmitRatingBtn,07:02:33 02.07.25,1751439753
UID_TB24Xd47rO50uC82bW,E,,4,7,7,7,yes,SubmitConfidenceForShape,,,,,confidence_rating1_stage_i0_Explanation_ShapeIndex_1229,click,confidence_rating1_stage_i0_Explanation_ShapeIndex_1229_SubmitRatingBtn,07:19:13 02.07.25,1751440753
UID_TB24Xd47rO50uC82bW,E,,3,8,8,7,no,SubmitConfidenceForShape,,,,,confidence_rating1_stage_i0_Explanation_ShapeIndex_429,click,confidence_rating1_stage_i0_Explanation_ShapeIndex_429_SubmitRatingBtn,07:21:25 02.07.25,1751440885
UID_TB24Xd47rO50uC82bW,E,,3,8,2,2,yes,SubmitConfidenceForShape,,,,,confidence_rating1_stage_i0_Explanation_ShapeIndex_219,click,confidence_rating1_stage_i0_Explanation_ShapeIndex_219_SubmitRatingBtn,07:22:43 02.07.25,1751440963
UID_TB24Xd47rO50uC82bW,E,,3,2,2,2,yes,SubmitConfidenceForShape,,,,,confidence_rating1_stage_i0_Explanation_ShapeIndex_1228_b,click,confidence_rating1_stage_i0_Explanation_ShapeIndex_1228_b_SubmitRatingBtn,07:23:41 02.07.25,1751441021
UID_TB24Xd47rO50uC82bW,E,,3,1,1,1,yes,SubmitConfidenceForShape,,,,,confidence_rating1_stage_i0_Explanation_ShapeIndex_1228_a,click,confidence_rating1_stage_i0_Explanation_ShapeIndex_1228_a_SubmitRatingBtn,07:24:19 02.07.25,1751441059
UID_TB24Xd47rO50uC82bW,E,,5,7,7,8,no,SubmitConfidenceForShape,,,,,confidence_rating1_stage_i0_Explanation_ShapeIndex_128,click,confidence_rating1_stage_i0_Explanation_ShapeIndex_128_SubmitRatingBtn,07:26:51 02.07.25,1751441211
UID_TB24Xd47rO50uC82bW,E,,4,7,7,6,no,SubmitConfidenceForShape,,,,,confidence_rating1_stage_i0_Explanation_ShapeIndex_7108,click,confidence_rating1_stage_i0_Explanation_ShapeIndex_7108_SubmitRatingBtn,07:28:00 02.07.25,1751441280
UID_TB24Xd47rO50uC82bW,E,,3,5,5,5,yes,SubmitConfidenceForShape,,,,,confidence_rating1_stage_i0_Explanation_ShapeIndex_218,click,confidence_rating1_stage_i0_Explanation_ShapeIndex_218_SubmitRatingBtn,07:29:13 02.07.25,1751441353
UID_TB24Xd47rO50uC82bW,E,,3,1,2,1,no,SubmitConfidenceForShape,,,,,confidence_rating1_stage_i0_Explanation_ShapeIndex_6569,click,confidence_rating1_stage_i0_Explanation_ShapeIndex_6569_SubmitRatingBtn,07:30:06 02.07.25,1751441406
UID_TB24Xd47rO50uC82bW,E,,3,4,4,4,yes,SubmitConfidenceForShape,,,,,confidence_rating1_stage_i0_Explanation_ShapeIndex_6999,click,confidence_rating1_stage_i0_Explanation_ShapeIndex_6999_SubmitRatingBtn,07:30:35 02.07.25,1751441435
UID_qC25No67vP11AB03bR,E,,1,1,1,1,yes,SubmitConfidenceForShape,,,,,confidence_rating1_stage_i0_Explanation_ShapeIndex_1228_a,click,confidence_rating1_stage_i0_Explanation_ShapeIndex_1228_a_SubmitRatingBtn,08:16:29 02.07.25,1751444189
UID_qC25No67vP11AB03bR,E,,1,7,7,8,no,SubmitConfidenceForShape,,,,,confidence_rating1_stage_i0_Explanation_ShapeIndex_128,click,confidence_rating1_stage_i0_Explanation_ShapeIndex_128_SubmitRatingBtn,08:29:04 02.07.25,1751444944
UID_qC25No67vP11AB03bR,E,,1,7,7,7,yes,SubmitConfidenceForShape,,,,,confidence_rating1_stage_i0_Explanation_ShapeIndex_1229,click,confidence_rating1_stage_i0_Explanation_ShapeIndex_1229_SubmitRatingBtn,08:31:47 02.07.25,1751445107
UID_qC25No67vP11AB03bR,E,,1,2,2,1,no,SubmitConfidenceForShape,,,,,confidence_rating1_stage_i0_Explanation_ShapeIndex_6569,click,confidence_rating1_stage_i0_Explanation_ShapeIndex_6569_SubmitRatingBtn,08:38:18 02.07.25,1751445498
UID_qC25No67vP11AB03bR,E,,1,7,7,6,no,SubmitConfidenceForShape,,,,,confidence_rating1_stage_i0_Explanation_ShapeIndex_7108,click,confidence_rating1_stage_i0_Explanation_ShapeIndex_7108_SubmitRatingBtn,08:38:49 02.07.25,1751445529
UID_qC25No67vP11AB03bR,E,,2,4,2,2,yes,SubmitConfidenceForShape,,,,,confidence_rating1_stage_i0_Explanation_ShapeIndex_219,click,confidence_rating1_stage_i0_Explanation_ShapeIndex_219_SubmitRatingBtn,08:40:41 02.07.25,1751445641
UID_qC25No67vP11AB03bR,E,,1,8,8,7,no,SubmitConfidenceForShape,,,,,confidence_rating1_stage_i0_Explanation_ShapeIndex_429,click,confidence_rating1_stage_i0_Explanation_ShapeIndex_429_SubmitRatingBtn,08:41:34 02.07.25,1751445694
UID_qC25No67vP11AB03bR,E,,1,2,2,2,yes,SubmitConfidenceForShape,,,,,confidence_rating1_stage_i0_Explanation_ShapeIndex_1228_b,click,confidence_rating1_stage_i0_Explanation_ShapeIndex_1228_b_SubmitRatingBtn,08:41:49 02.07.25,1751445709
UID_qC25No67vP11AB03bR,E,,1,5,5,5,yes,SubmitConfidenceForShape,,,,,confidence_rating1_stage_i0_Explanation_ShapeIndex_218,click,confidence_rating1_stage_i0_Explanation_ShapeIndex_218_SubmitRatingBtn,08:43:47 02.07.25,1751445827
UID_qC25No67vP11AB03bR,E,,1,4,4,4,yes,SubmitConfidenceForShape,,,,,confidence_rating1_stage_i0_Explanation_ShapeIndex_6999,click,confidence_rating1_stage_i0_Explanation_ShapeIndex_6999_SubmitRatingBtn,08:43:59 02.07.25,1751445839
UID_Xc25bq55Ic87Qs53bk,E,,5,2,2,2,yes,SubmitConfidenceForShape,,,,,confidence_rating1_stage_i0_Explanation_ShapeIndex_219,click,confidence_rating1_stage_i0_Explanation_ShapeIndex_219_SubmitRatingBtn,10:06:25 02.07.25,1751450785
UID_Xc25bq55Ic87Qs53bk,E,,4,1,1,1,yes,SubmitConfidenceForShape,,,,,confidence_rating1_stage_i0_Explanation_ShapeIndex_1228_a,click,confidence_rating1_stage_i0_Explanation_ShapeIndex_1228_a_SubmitRatingBtn,10:12:11 02.07.25,1751451131
UID_Xc25bq55Ic87Qs53bk,E,,4,1,2,1,no,SubmitConfidenceForShape,,,,,confidence_rating1_stage_i0_Explanation_ShapeIndex_6569,click,confidence_rating1_stage_i0_Explanation_ShapeIndex_6569_SubmitRatingBtn,10:14:42 02.07.25,1751451282
UID_Xc25bq55Ic87Qs53bk,E,,4,7,7,8,no,SubmitConfidenceForShape,,,,,confidence_rating1_stage_i0_Explanation_ShapeIndex_128,click,confidence_rating1_stage_i0_Explanation_ShapeIndex_128_SubmitRatingBtn,10:17:20 02.07.25,1751451440
UID_Xc25bq55Ic87Qs53bk,E,,3,4,8,7,no,SubmitConfidenceForShape,,,,,confidence_rating1_stage_i0_Explanation_ShapeIndex_429,click,confidence_rating1_stage_i0_Explanation_ShapeIndex_429_SubmitRatingBtn,10:22:11 02.07.25,1751451731
UID_Xc25bq55Ic87Qs53bk,E,,5,2,2,2,yes,SubmitConfidenceForShape,,,,,confidence_rating1_stage_i0_Explanation_ShapeIndex_1228_b,click,confidence_rating1_stage_i0_Explanation_ShapeIndex_1228_b_SubmitRatingBtn,10:24:04 02.07.25,1751451844
UID_Xc25bq55Ic87Qs53bk,E,,4,2,5,5,yes,SubmitConfidenceForShape,,,,,confidence_rating1_stage_i0_Explanation_ShapeIndex_218,click,confidence_rating1_stage_i0_Explanation_ShapeIndex_218_SubmitRatingBtn,10:26:21 02.07.25,1751451981
UID_Xc25bq55Ic87Qs53bk,E,,3,6,7,6,no,SubmitConfidenceForShape,,,,,confidence_rating1_stage_i0_Explanation_ShapeIndex_7108,click,confidence_rating1_stage_i0_Explanation_ShapeIndex_7108_SubmitRatingBtn,10:31:48 02.07.25,1751452308
UID_Xc25bq55Ic87Qs53bk,E,,5,4,4,4,yes,SubmitConfidenceForShape,,,,,confidence_rating1_stage_i0_Explanation_ShapeIndex_6999,click,confidence_rating1_stage_i0_Explanation_ShapeIndex_6999_SubmitRatingBtn,10:35:48 02.07.25,1751452548
UID_Xc25bq55Ic87Qs53bk,E,,4,7,7,7,yes,SubmitConfidenceForShape,,,,,confidence_rating1_stage_i0_Explanation_ShapeIndex_1229,click,confidence_rating1_stage_i0_Explanation_ShapeIndex_1229_SubmitRatingBtn,10:39:10 02.07.25,1751452750
UID_Iv20VI44US80dS78xY,E,,2,8,8,7,no,SubmitConfidenceForShape,,,,,confidence_rating1_stage_i0_Explanation_ShapeIndex_429,click,confidence_rating1_stage_i0_Explanation_ShapeIndex_429_SubmitRatingBtn,12:10:10 02.07.25,1751458210
UID_Iv20VI44US80dS78xY,E,,4,5,1,1,yes,SubmitConfidenceForShape,,,,,confidence_rating1_stage_i0_Explanation_ShapeIndex_1228_a,click,confidence_rating1_stage_i0_Explanation_ShapeIndex_1228_a_SubmitRatingBtn,12:16:37 02.07.25,1751458597
UID_Iv20VI44US80dS78xY,E,,3,2,2,2,yes,SubmitConfidenceForShape,,,,,confidence_rating1_stage_i0_Explanation_ShapeIndex_1228_b,click,confidence_rating1_stage_i0_Explanation_ShapeIndex_1228_b_SubmitRatingBtn,12:18:13 02.07.25,1751458693
UID_Iv20VI44US80dS78xY,E,,3,1,2,1,no,SubmitConfidenceForShape,,,,,confidence_rating1_stage_i0_Explanation_ShapeIndex_6569,click,confidence_rating1_stage_i0_Explanation_ShapeIndex_6569_SubmitRatingBtn,12:21:56 02.07.25,1751458916
UID_Iv20VI44US80dS78xY,E,,3,2,5,5,yes,SubmitConfidenceForShape,,,,,confidence_rating1_stage_i0_Explanation_ShapeIndex_218,click,confidence_rating1_stage_i0_Explanation_ShapeIndex_218_SubmitRatingBtn,12:24:55 02.07.25,1751459095
UID_Iv20VI44US80dS78xY,E,,3,3,7,7,yes,SubmitConfidenceForShape,,,,,confidence_rating1_stage_i0_Explanation_ShapeIndex_1229,click,confidence_rating1_stage_i0_Explanation_ShapeIndex_1229_SubmitRatingBtn,12:27:31 02.07.25,1751459251
UID_Iv20VI44US80dS78xY,E,,3,4,2,2,yes,SubmitConfidenceForShape,,,,,confidence_rating1_stage_i0_Explanation_ShapeIndex_219,click,confidence_rating1_stage_i0_Explanation_ShapeIndex_219_SubmitRatingBtn,12:29:43 02.07.25,1751459383
UID_Iv20VI44US80dS78xY,E,,3,6,7,6,no,SubmitConfidenceForShape,,,,,confidence_rating1_stage_i0_Explanation_ShapeIndex_7108,click,confidence_rating1_stage_i0_Explanation_ShapeIndex_7108_SubmitRatingBtn,12:33:23 02.07.25,1751459603
UID_Iv20VI44US80dS78xY,E,,4,4,4,4,yes,SubmitConfidenceForShape,,,,,confidence_rating1_stage_i0_Explanation_ShapeIndex_6999,click,confidence_rating1_stage_i0_Explanation_ShapeIndex_6999_SubmitRatingBtn,12:34:34 02.07.25,1751459674
UID_Iv20VI44US80dS78xY,E,,4,7,7,8,no,SubmitConfidenceForShape,,,,,confidence_rating1_stage_i0_Explanation_ShapeIndex_128,click,confidence_rating1_stage_i0_Explanation_ShapeIndex_128_SubmitRatingBtn,12:35:55 02.07.25,1751459755
UID_wB23Fp88kp97MH01LP,E,,4,2,2,2,yes,SubmitConfidenceForShape,,,,,confidence_rating1_stage_i0_Explanation_ShapeIndex_1228_b,click,confidence_rating1_stage_i0_Explanation_ShapeIndex_1228_b_SubmitRatingBtn,12:48:34 02.07.25,1751460514
UID_wB23Fp88kp97MH01LP,E,,4,7,7,8,no,SubmitConfidenceForShape,,,,,confidence_rating1_stage_i0_Explanation_ShapeIndex_128,click,confidence_rating1_stage_i0_Explanation_ShapeIndex_128_SubmitRatingBtn,12:51:17 02.07.25,1751460677
UID_wB23Fp88kp97MH01LP,E,,5,1,1,1,yes,SubmitConfidenceForShape,,,,,confidence_rating1_stage_i0_Explanation_ShapeIndex_1228_a,click,confidence_rating1_stage_i0_Explanation_ShapeIndex_1228_a_SubmitRatingBtn,12:52:19 02.07.25,1751460739
UID_wB23Fp88kp97MH01LP,E,,5,1,2,1,no,SubmitConfidenceForShape,,,,,confidence_rating1_stage_i0_Explanation_ShapeIndex_6569,click,confidence_rating1_stage_i0_Explanation_ShapeIndex_6569_SubmitRatingBtn,12:53:47 02.07.25,1751460827
UID_wB23Fp88kp97MH01LP,E,,4,7,8,7,no,SubmitConfidenceForShape,,,,,confidence_rating1_stage_i0_Explanation_ShapeIndex_429,click,confidence_rating1_stage_i0_Explanation_ShapeIndex_429_SubmitRatingBtn,12:56:46 02.07.25,1751461006
UID_wB23Fp88kp97MH01LP,E,,3,8,2,2,yes,SubmitConfidenceForShape,,,,,confidence_rating1_stage_i0_Explanation_ShapeIndex_219,click,confidence_rating1_stage_i0_Explanation_ShapeIndex_219_SubmitRatingBtn,12:58:34 02.07.25,1751461114
UID_wB23Fp88kp97MH01LP,E,,4,7,7,6,no,SubmitConfidenceForShape,,,,,confidence_rating1_stage_i0_Explanation_ShapeIndex_7108,click,confidence_rating1_stage_i0_Explanation_ShapeIndex_7108_SubmitRatingBtn,13:00:15 02.07.25,1751461215
UID_wB23Fp88kp97MH01LP,E,,3,3,7,7,yes,SubmitConfidenceForShape,,,,,confidence_rating1_stage_i0_Explanation_ShapeIndex_1229,click,confidence_rating1_stage_i0_Explanation_ShapeIndex_1229_SubmitRatingBtn,13:03:11 02.07.25,1751461391
UID_wB23Fp88kp97MH01LP,E,,5,4,4,4,yes,SubmitConfidenceForShape,,,,,confidence_rating1_stage_i0_Explanation_ShapeIndex_6999,click,confidence_rating1_stage_i0_Explanation_ShapeIndex_6999_SubmitRatingBtn,13:04:45 02.07.25,1751461485
UID_wB23Fp88kp97MH01LP,E,,5,5,5,5,yes,SubmitConfidenceForShape,,,,,confidence_rating1_stage_i0_Explanation_ShapeIndex_218,click,confidence_rating1_stage_i0_Explanation_ShapeIndex_218_SubmitRatingBtn,13:05:51 02.07.25,1751461551
UID_Eb25VY43sm07Yf87ww,E,,5,2,2,2,yes,SubmitConfidenceForShape,,,,,confidence_rating1_stage_i0_Explanation_ShapeIndex_1228_b,click,confidence_rating1_stage_i0_Explanation_ShapeIndex_1228_b_SubmitRatingBtn,07:59:20 03.07.25,1751529560
UID_Eb25VY43sm07Yf87ww,E,,5,5,5,5,yes,SubmitConfidenceForShape,,,,,confidence_rating1_stage_i0_Explanation_ShapeIndex_218,click,confidence_rating1_stage_i0_Explanation_ShapeIndex_218_SubmitRatingBtn,08:00:24 03.07.25,1751529624
UID_Eb25VY43sm07Yf87ww,E,,5,4,4,4,yes,SubmitConfidenceForShape,,,,,confidence_rating1_stage_i0_Explanation_ShapeIndex_6999,click,confidence_rating1_stage_i0_Explanation_ShapeIndex_6999_SubmitRatingBtn,08:00:39 03.07.25,1751529639
UID_zJ06Xm51mv59uw34ZF,E,,5,2,2,2,yes,SubmitConfidenceForShape,,,,,confidence_rating1_stage_i0_Explanation_ShapeIndex_219,click,confidence_rating1_stage_i0_Explanation_ShapeIndex_219_SubmitRatingBtn,08:02:03 03.07.25,1751529723
UID_zJ06Xm51mv59uw34ZF,E,,5,2,2,2,yes,SubmitConfidenceForShape,,,,,confidence_rating1_stage_i0_Explanation_ShapeIndex_1228_b,click,confidence_rating1_stage_i0_Explanation_ShapeIndex_1228_b_SubmitRatingBtn,08:06:26 03.07.25,1751529986
UID_zJ06Xm51mv59uw34ZF,E,,5,7,8,7,no,SubmitConfidenceForShape,,,,,confidence_rating1_stage_i0_Explanation_ShapeIndex_429,click,confidence_rating1_stage_i0_Explanation_ShapeIndex_429_SubmitRatingBtn,08:10:02 03.07.25,1751530202
UID_Eb25VY43sm07Yf87ww,E,,3,2,8,7,no,SubmitConfidenceForShape,,,,,confidence_rating1_stage_i0_Explanation_ShapeIndex_429,click,confidence_rating1_stage_i0_Explanation_ShapeIndex_429_SubmitRatingBtn,08:11:16 03.07.25,1751530276
UID_Eb25VY43sm07Yf87ww,E,,5,7,7,7,yes,SubmitConfidenceForShape,,,,,confidence_rating1_stage_i0_Explanation_ShapeIndex_1229,click,confidence_rating1_stage_i0_Explanation_ShapeIndex_1229_SubmitRatingBtn,08:11:40 03.07.25,1751530300
UID_Eb25VY43sm07Yf87ww,E,,3,1,1,1,yes,SubmitConfidenceForShape,,,,,confidence_rating1_stage_i0_Explanation_ShapeIndex_1228_a,click,confidence_rating1_stage_i0_Explanation_ShapeIndex_1228_a_SubmitRatingBtn,08:14:45 03.07.25,1751530485
UID_Eb25VY43sm07Yf87ww,E,,4,7,7,6,no,SubmitConfidenceForShape,,,,,confidence_rating1_stage_i0_Explanation_ShapeIndex_7108,click,confidence_rating1_stage_i0_Explanation_ShapeIndex_7108_SubmitRatingBtn,08:16:09 03.07.25,1751530569
UID_Eb25VY43sm07Yf87ww,E,,3,1,2,1,no,SubmitConfidenceForShape,,,,,confidence_rating1_stage_i0_Explanation_ShapeIndex_6569,click,confidence_rating1_stage_i0_Explanation_ShapeIndex_6569_SubmitRatingBtn,08:18:10 03.07.25,1751530690
UID_zJ06Xm51mv59uw34ZF,E,,5,5,1,1,yes,SubmitConfidenceForShape,,,,,confidence_rating1_stage_i0_Explanation_ShapeIndex_1228_a,click,confidence_rating1_stage_i0_Explanation_ShapeIndex_1228_a_SubmitRatingBtn,08:18:40 03.07.25,1751530720
UID_Eb25VY43sm07Yf87ww,E,,4,7,7,8,no,SubmitConfidenceForShape,,,,,confidence_rating1_stage_i0_Explanation_ShapeIndex_128,click,confidence_rating1_stage_i0_Explanation_ShapeIndex_128_SubmitRatingBtn,08:19:46 03.07.25,1751530786
UID_Eb25VY43sm07Yf87ww,E,,5,2,2,2,yes,SubmitConfidenceForShape,,,,,confidence_rating1_stage_i0_Explanation_ShapeIndex_219,click,confidence_rating1_stage_i0_Explanation_ShapeIndex_219_SubmitRatingBtn,08:19:57 03.07.25,1751530797
UID_zJ06Xm51mv59uw34ZF,E,,5,1,2,1,no,SubmitConfidenceForShape,,,,,confidence_rating1_stage_i0_Explanation_ShapeIndex_6569,click,confidence_rating1_stage_i0_Explanation_ShapeIndex_6569_SubmitRatingBtn,08:23:00 03.07.25,1751530980
UID_zJ06Xm51mv59uw34ZF,E,,4,6,7,6,no,SubmitConfidenceForShape,,,,,confidence_rating1_stage_i0_Explanation_ShapeIndex_7108,click,confidence_rating1_stage_i0_Explanation_ShapeIndex_7108_SubmitRatingBtn,08:30:41 03.07.25,1751531441
UID_zJ06Xm51mv59uw34ZF,E,,5,5,5,5,yes,SubmitConfidenceForShape,,,,,confidence_rating1_stage_i0_Explanation_ShapeIndex_218,click,confidence_rating1_stage_i0_Explanation_ShapeIndex_218_SubmitRatingBtn,08:32:44 03.07.25,1751531564
UID_zJ06Xm51mv59uw34ZF,E,,5,8,7,8,no,SubmitConfidenceForShape,,,,,confidence_rating1_stage_i0_Explanation_ShapeIndex_128,click,confidence_rating1_stage_i0_Explanation_ShapeIndex_128_SubmitRatingBtn,08:58:37 03.07.25,1751533117
UID_zJ06Xm51mv59uw34ZF,E,,5,7,7,7,yes,SubmitConfidenceForShape,,,,,confidence_rating1_stage_i0_Explanation_ShapeIndex_1229,click,confidence_rating1_stage_i0_Explanation_ShapeIndex_1229_SubmitRatingBtn,08:58:46 03.07.25,1751533126
UID_zJ06Xm51mv59uw34ZF,E,,5,4,4,4,yes,SubmitConfidenceForShape,,,,,confidence_rating1_stage_i0_Explanation_ShapeIndex_6999,click,confidence_rating1_stage_i0_Explanation_ShapeIndex_6999_SubmitRatingBtn,08:58:57 03.07.25,1751533137
UID_tL21Td42TW96jx50JE,E,,5,4,4,4,yes,SubmitConfidenceForShape,,,,,confidence_rating1_stage_i0_Explanation_ShapeIndex_6999,click,confidence_rating1_stage_i0_Explanation_ShapeIndex_6999_SubmitRatingBtn,12:01:44 03.07.25,1751544104
UID_tL21Td42TW96jx50JE,E,,3,8,8,7,no,SubmitConfidenceForShape,,,,,confidence_rating1_stage_i0_Explanation_ShapeIndex_429,click,confidence_rating1_stage_i0_Explanation_ShapeIndex_429_SubmitRatingBtn,12:02:55 03.07.25,1751544175
UID_tL21Td42TW96jx50JE,E,,4,2,2,2,yes,SubmitConfidenceForShape,,,,,confidence_rating1_stage_i0_Explanation_ShapeIndex_1228_b,click,confidence_rating1_stage_i0_Explanation_ShapeIndex_1228_b_SubmitRatingBtn,12:04:06 03.07.25,1751544246
UID_tL21Td42TW96jx50JE,E,,4,7,7,7,yes,SubmitConfidenceForShape,,,,,confidence_rating1_stage_i0_Explanation_ShapeIndex_1229,click,confidence_rating1_stage_i0_Explanation_ShapeIndex_1229_SubmitRatingBtn,12:05:03 03.07.25,1751544303
UID_tL21Td42TW96jx50JE,E,,5,5,5,5,yes,SubmitConfidenceForShape,,,,,confidence_rating1_stage_i0_Explanation_ShapeIndex_218,click,confidence_rating1_stage_i0_Explanation_ShapeIndex_218_SubmitRatingBtn,12:07:29 03.07.25,1751544449
UID_tL21Td42TW96jx50JE,E,,4,4,2,2,yes,SubmitConfidenceForShape,,,,,confidence_rating1_stage_i0_Explanation_ShapeIndex_219,click,confidence_rating1_stage_i0_Explanation_ShapeIndex_219_SubmitRatingBtn,12:08:32 03.07.25,1751544512
UID_tL21Td42TW96jx50JE,E,,3,5,1,1,yes,SubmitConfidenceForShape,,,,,confidence_rating1_stage_i0_Explanation_ShapeIndex_1228_a,click,confidence_rating1_stage_i0_Explanation_ShapeIndex_1228_a_SubmitRatingBtn,12:10:15 03.07.25,1751544615
UID_tL21Td42TW96jx50JE,E,,4,1,2,1,no,SubmitConfidenceForShape,,,,,confidence_rating1_stage_i0_Explanation_ShapeIndex_6569,click,confidence_rating1_stage_i0_Explanation_ShapeIndex_6569_SubmitRatingBtn,12:12:04 03.07.25,1751544724
UID_tL21Td42TW96jx50JE,E,,2,7,7,8,no,SubmitConfidenceForShape,,,,,confidence_rating1_stage_i0_Explanation_ShapeIndex_128,click,confidence_rating1_stage_i0_Explanation_ShapeIndex_128_SubmitRatingBtn,12:13:30 03.07.25,1751544810
UID_tL21Td42TW96jx50JE,E,,3,7,7,6,no,SubmitConfidenceForShape,,,,,confidence_rating1_stage_i0_Explanation_ShapeIndex_7108,click,confidence_rating1_stage_i0_Explanation_ShapeIndex_7108_SubmitRatingBtn,12:14:38 03.07.25,1751544878
UID_UA64iV84bd20uJ55aO,E,,5,5,5,5,yes,SubmitConfidenceForShape,,,,,confidence_rating1_stage_i0_Explanation_ShapeIndex_218,click,confidence_rating1_stage_i0_Explanation_ShapeIndex_218_SubmitRatingBtn,14:12:50 03.07.25,1751551970
UID_vL31FS86ri66rZ14sT,E,,4,3,2,1,no,SubmitConfidenceForShape,,,,,confidence_rating1_stage_i0_Explanation_ShapeIndex_6569,click,confidence_rating1_stage_i0_Explanation_ShapeIndex_6569_SubmitRatingBtn,17:14:06 03.07.25,1751562846
UID_vL31FS86ri66rZ14sT,E,,5,2,5,5,yes,SubmitConfidenceForShape,,,,,confidence_rating1_stage_i0_Explanation_ShapeIndex_218,click,confidence_rating1_stage_i0_Explanation_ShapeIndex_218_SubmitRatingBtn,17:16:58 03.07.25,1751563018
UID_vL31FS86ri66rZ14sT,E,,4,1,7,8,no,SubmitConfidenceForShape,,,,,confidence_rating1_stage_i0_Explanation_ShapeIndex_128,click,confidence_rating1_stage_i0_Explanation_ShapeIndex_128_SubmitRatingBtn,17:19:20 03.07.25,1751563160
UID_vL31FS86ri66rZ14sT,E,,3,2,2,2,yes,SubmitConfidenceForShape,,,,,confidence_rating1_stage_i0_Explanation_ShapeIndex_219,click,confidence_rating1_stage_i0_Explanation_ShapeIndex_219_SubmitRatingBtn,17:20:30 03.07.25,1751563230
UID_vL31FS86ri66rZ14sT,E,,5,1,1,1,yes,SubmitConfidenceForShape,,,,,confidence_rating1_stage_i0_Explanation_ShapeIndex_1228_a,click,confidence_rating1_stage_i0_Explanation_ShapeIndex_1228_a_SubmitRatingBtn,17:23:24 03.07.25,1751563404
UID_vL31FS86ri66rZ14sT,E,,5,2,2,2,yes,SubmitConfidenceForShape,,,,,confidence_rating1_stage_i0_Explanation_ShapeIndex_1228_b,click,confidence_rating1_stage_i0_Explanation_ShapeIndex_1228_b_SubmitRatingBtn,17:24:20 03.07.25,1751563460
UID_vL31FS86ri66rZ14sT,E,,3,2,8,7,no,SubmitConfidenceForShape,,,,,confidence_rating1_stage_i0_Explanation_ShapeIndex_429,click,confidence_rating1_stage_i0_Explanation_ShapeIndex_429_SubmitRatingBtn,17:25:55 03.07.25,1751563555
UID_vL31FS86ri66rZ14sT,E,,4,4,7,7,yes,SubmitConfidenceForShape,,,,,confidence_rating1_stage_i0_Explanation_ShapeIndex_1229,click,confidence_rating1_stage_i0_Explanation_ShapeIndex_1229_SubmitRatingBtn,17:27:27 03.07.25,1751563647
UID_vL31FS86ri66rZ14sT,E,,3,7,7,6,no,SubmitConfidenceForShape,,,,,confidence_rating1_stage_i0_Explanation_ShapeIndex_7108,click,confidence_rating1_stage_i0_Explanation_ShapeIndex_7108_SubmitRatingBtn,17:29:52 03.07.25,1751563792
UID_vL31FS86ri66rZ14sT,E,,4,4,4,4,yes,SubmitConfidenceForShape,,,,,confidence_rating1_stage_i0_Explanation_ShapeIndex_6999,click,confidence_rating1_stage_i0_Explanation_ShapeIndex_6999_SubmitRatingBtn,17:31:10 03.07.25,1751563870
UID_EI38ib82HG46fU08oR,E,,5,2,5,5,yes,SubmitConfidenceForShape,,,,,confidence_rating1_stage_i0_Explanation_ShapeIndex_218,click,confidence_rating1_stage_i0_Explanation_ShapeIndex_218_SubmitRatingBtn,18:14:09 03.07.25,1751566449
UID_EI38ib82HG46fU08oR,E,,5,4,4,4,yes,SubmitConfidenceForShape,,,,,confidence_rating1_stage_i0_Explanation_ShapeIndex_6999,click,confidence_rating1_stage_i0_Explanation_ShapeIndex_6999_SubmitRatingBtn,18:14:34 03.07.25,1751566474
UID_EI38ib82HG46fU08oR,E,,5,6,2,2,yes,SubmitConfidenceForShape,,,,,confidence_rating1_stage_i0_Explanation_ShapeIndex_219,click,confidence_rating1_stage_i0_Explanation_ShapeIndex_219_SubmitRatingBtn,18:18:12 03.07.25,1751566692
UID_EI38ib82HG46fU08oR,E,,5,8,7,8,no,SubmitConfidenceForShape,,,,,confidence_rating1_stage_i0_Explanation_ShapeIndex_128,click,confidence_rating1_stage_i0_Explanation_ShapeIndex_128_SubmitRatingBtn,18:35:01 03.07.25,1751567701
UID_EI38ib82HG46fU08oR,E,,5,7,7,6,no,SubmitConfidenceForShape,,,,,confidence_rating1_stage_i0_Explanation_ShapeIndex_7108,click,confidence_rating1_stage_i0_Explanation_ShapeIndex_7108_SubmitRatingBtn,18:35:20 03.07.25,1751567720
UID_EI38ib82HG46fU08oR,E,,5,7,7,7,yes,SubmitConfidenceForShape,,,,,confidence_rating1_stage_i0_Explanation_ShapeIndex_1229,click,confidence_rating1_stage_i0_Explanation_ShapeIndex_1229_SubmitRatingBtn,18:35:31 03.07.25,1751567731
UID_EI38ib82HG46fU08oR,E,,3,1,2,1,no,SubmitConfidenceForShape,,,,,confidence_rating1_stage_i0_Explanation_ShapeIndex_6569,click,confidence_rating1_stage_i0_Explanation_ShapeIndex_6569_SubmitRatingBtn,18:43:17 03.07.25,1751568197
UID_EI38ib82HG46fU08oR,E,,5,1,1,1,yes,SubmitConfidenceForShape,,,,,confidence_rating1_stage_i0_Explanation_ShapeIndex_1228_a,click,confidence_rating1_stage_i0_Explanation_ShapeIndex_1228_a_SubmitRatingBtn,18:52:50 03.07.25,1751568770
UID_EI38ib82HG46fU08oR,E,,2,7,8,7,no,SubmitConfidenceForShape,,,,,confidence_rating1_stage_i0_Explanation_ShapeIndex_429,click,confidence_rating1_stage_i0_Explanation_ShapeIndex_429_SubmitRatingBtn,19:04:10 03.07.25,1751569450
UID_EI38ib82HG46fU08oR,E,,4,2,2,2,yes,SubmitConfidenceForShape,,,,,confidence_rating1_stage_i0_Explanation_ShapeIndex_1228_b,click,confidence_rating1_stage_i0_Explanation_ShapeIndex_1228_b_SubmitRatingBtn,19:05:59 03.07.25,1751569559
UID_Rs55MY88wb21UN85TJ,E,,4,2,2,2,yes,SubmitConfidenceForShape,,,,,confidence_rating1_stage_i0_Explanation_ShapeIndex_219,click,confidence_rating1_stage_i0_Explanation_ShapeIndex_219_SubmitRatingBtn,04:52:11 04.07.25,1751604731
UID_Rs55MY88wb21UN85TJ,E,,3,7,7,6,no,SubmitConfidenceForShape,,,,,confidence_rating1_stage_i0_Explanation_ShapeIndex_7108,click,confidence_rating1_stage_i0_Explanation_ShapeIndex_7108_SubmitRatingBtn,04:53:27 04.07.25,1751604807
UID_Rs55MY88wb21UN85TJ,E,,4,1,1,1,yes,SubmitConfidenceForShape,,,,,confidence_rating1_stage_i0_Explanation_ShapeIndex_1228_a,click,confidence_rating1_stage_i0_Explanation_ShapeIndex_1228_a_SubmitRatingBtn,04:54:37 04.07.25,1751604877
UID_Rs55MY88wb21UN85TJ,E,,2,2,2,2,yes,SubmitConfidenceForShape,,,,,confidence_rating1_stage_i0_Explanation_ShapeIndex_1228_b,click,confidence_rating1_stage_i0_Explanation_ShapeIndex_1228_b_SubmitRatingBtn,04:55:00 04.07.25,1751604900
UID_Rs55MY88wb21UN85TJ,E,,4,5,5,5,yes,SubmitConfidenceForShape,,,,,confidence_rating1_stage_i0_Explanation_ShapeIndex_218,click,confidence_rating1_stage_i0_Explanation_ShapeIndex_218_SubmitRatingBtn,04:55:37 04.07.25,1751604937
UID_Rs55MY88wb21UN85TJ,E,,3,2,2,1,no,SubmitConfidenceForShape,,,,,confidence_rating1_stage_i0_Explanation_ShapeIndex_6569,click,confidence_rating1_stage_i0_Explanation_ShapeIndex_6569_SubmitRatingBtn,04:55:54 04.07.25,1751604954
UID_Rs55MY88wb21UN85TJ,E,,3,4,4,4,yes,SubmitConfidenceForShape,,,,,confidence_rating1_stage_i0_Explanation_ShapeIndex_6999,click,confidence_rating1_stage_i0_Explanation_ShapeIndex_6999_SubmitRatingBtn,04:56:05 04.07.25,1751604965
UID_Rs55MY88wb21UN85TJ,E,,3,7,7,7,yes,SubmitConfidenceForShape,,,,,confidence_rating1_stage_i0_Explanation_ShapeIndex_1229,click,confidence_rating1_stage_i0_Explanation_ShapeIndex_1229_SubmitRatingBtn,04:56:18 04.07.25,1751604978
UID_Rs55MY88wb21UN85TJ,E,,3,8,8,7,no,SubmitConfidenceForShape,,,,,confidence_rating1_stage_i0_Explanation_ShapeIndex_429,click,confidence_rating1_stage_i0_Explanation_ShapeIndex_429_SubmitRatingBtn,04:56:30 04.07.25,1751604990
UID_Rs55MY88wb21UN85TJ,E,,4,7,7,8,no,SubmitConfidenceForShape,,,,,confidence_rating1_stage_i0_Explanation_ShapeIndex_128,click,confidence_rating1_stage_i0_Explanation_ShapeIndex_128_SubmitRatingBtn,04:56:39 04.07.25,1751604999
UID_TEST_TEST_1,E,,5,8,2,2,yes,SubmitConfidenceForShape,,,,,confidence_rating1_stage_i0_Explanation_ShapeIndex_1228_b,click,confidence_rating1_stage_i0_Explanation_ShapeIndex_1228_b_SubmitRatingBtn,06:11:35 04.07.25,1751609495
UID_TEST_TEST_1,E,,5,8,2,1,no,SubmitConfidenceForShape,,,,,confidence_rating1_stage_i0_Explanation_ShapeIndex_6569,click,confidence_rating1_stage_i0_Explanation_ShapeIndex_6569_SubmitRatingBtn,06:11:35 04.07.25,1751609495
UID_TEST_TEST_1,E,,5,8,2,1,no,SubmitConfidenceForShape,,,,,confidence_rating1_stage_i0_Explanation_ShapeIndex_6569,click,confidence_rating1_stage_i0_Explanation_ShapeIndex_6569_SubmitRatingBtn,06:11:36 04.07.25,1751609496
UID_TEST_TEST_1,E,,5,8,1,1,yes,SubmitConfidenceForShape,,,,,confidence_rating1_stage_i0_Explanation_ShapeIndex_1228_a,click,confidence_rating1_stage_i0_Explanation_ShapeIndex_1228_a_SubmitRatingBtn,06:11:36 04.07.25,1751609496
UID_TEST_TEST_1,E,,5,8,8,7,no,SubmitConfidenceForShape,,,,,confidence_rating1_stage_i0_Explanation_ShapeIndex_429,click,confidence_rating1_stage_i0_Explanation_ShapeIndex_429_SubmitRatingBtn,06:11:37 04.07.25,1751609497
UID_TEST_TEST_1,E,,5,8,7,8,no,SubmitConfidenceForShape,,,,,confidence_rating1_stage_i0_Explanation_ShapeIndex_128,click,confidence_rating1_stage_i0_Explanation_ShapeIndex_128_SubmitRatingBtn,06:11:37 04.07.25,1751609497
UID_TEST_TEST_1,E,,5,8,7,8,no,SubmitConfidenceForShape,,,,,confidence_rating1_stage_i0_Explanation_ShapeIndex_128,click,confidence_rating1_stage_i0_Explanation_ShapeIndex_128_SubmitRatingBtn,06:11:38 04.07.25,1751609498
UID_TEST_TEST_1,E,,5,8,7,6,no,SubmitConfidenceForShape,,,,,confidence_rating1_stage_i0_Explanation_ShapeIndex_7108,click,confidence_rating1_stage_i0_Explanation_ShapeIndex_7108_SubmitRatingBtn,06:11:38 04.07.25,1751609498
UID_TEST_TEST_1,E,,5,8,5,5,yes,SubmitConfidenceForShape,,,,,confidence_rating1_stage_i0_Explanation_ShapeIndex_218,click,confidence_rating1_stage_i0_Explanation_ShapeIndex_218_SubmitRatingBtn,06:11:39 04.07.25,1751609499
UID_TEST_TEST_1,E,,5,8,7,7,yes,SubmitConfidenceForShape,,,,,confidence_rating1_stage_i0_Explanation_ShapeIndex_1229,click,confidence_rating1_stage_i0_Explanation_ShapeIndex_1229_SubmitRatingBtn,06:11:40 04.07.25,1751609500
UID_TEST_TEST_1,E,,5,8,4,4,yes,SubmitConfidenceForShape,,,,,confidence_rating1_stage_i0_Explanation_ShapeIndex_6999,click,confidence_rating1_stage_i0_Explanation_ShapeIndex_6999_SubmitRatingBtn,06:11:40 04.07.25,1751609500
UID_TEST_TEST_1,E,,5,8,2,2,yes,SubmitConfidenceForShape,,,,,confidence_rating1_stage_i0_Explanation_ShapeIndex_219,click,confidence_rating1_stage_i0_Explanation_ShapeIndex_219_SubmitRatingBtn,06:11:40 04.07.25,1751609500
UID_TEST_TEST_1,E,,5,,,,no,,,,,,block_end_questionnaire_explanation__question_1,click,block_end_questionnaire_explanation__question_1_SubmitRatingBtn,06:11:41 04.07.25,1751609501
UID_TEST_TEST_1,E,,5,,,,no,,,,,,block_end_questionnaire_explanation__question_1,click,block_end_questionnaire_explanation__question_1_SubmitRatingBtn,06:11:41 04.07.25,1751609501
UID_TEST_TEST_1,E,,5,,,,no,,,,,,block_end_questionnaire_explanation__question_2,click,block_end_questionnaire_explanation__question_2_SubmitRatingBtn,06:11:41 04.07.25,1751609501
UID_TEST_TEST_1,E,,5,,,,no,,,,,,block_end_questionnaire_explanation__question_2,click,block_end_questionnaire_explanation__question_2_SubmitRatingBtn,06:11:41 04.07.25,1751609501
UID_TEST_TEST_1,E,,5,,,,no,,,,,,block_end_questionnaire_explanation__question_3,click,block_end_questionnaire_explanation__question_3_SubmitRatingBtn,06:11:42 04.07.25,1751609502
UID_TEST_TEST_1,E,,5,,,,no,,,,,,block_end_questionnaire_explanation__question_3,click,block_end_questionnaire_explanation__question_3_SubmitRatingBtn,06:11:42 04.07.25,1751609502
UID_cj57ak27iy05YN35ss,E,,4,2,2,2,yes,SubmitConfidenceForShape,,,,,confidence_rating1_stage_i0_Explanation_ShapeIndex_1228_b,click,confidence_rating1_stage_i0_Explanation_ShapeIndex_1228_b_SubmitRatingBtn,07:44:09 04.07.25,1751615049
UID_cj57ak27iy05YN35ss,E,,5,4,4,4,yes,SubmitConfidenceForShape,,,,,confidence_rating1_stage_i0_Explanation_ShapeIndex_6999,click,confidence_rating1_stage_i0_Explanation_ShapeIndex_6999_SubmitRatingBtn,07:46:55 04.07.25,1751615215
UID_cj57ak27iy05YN35ss,E,,3,7,7,7,yes,SubmitConfidenceForShape,,,,,confidence_rating1_stage_i0_Explanation_ShapeIndex_1229,click,confidence_rating1_stage_i0_Explanation_ShapeIndex_1229_SubmitRatingBtn,07:49:22 04.07.25,1751615362
UID_cj57ak27iy05YN35ss,E,,3,7,7,8,no,SubmitConfidenceForShape,,,,,confidence_rating1_stage_i0_Explanation_ShapeIndex_128,click,confidence_rating1_stage_i0_Explanation_ShapeIndex_128_SubmitRatingBtn,07:59:11 04.07.25,1751615951
UID_cj57ak27iy05YN35ss,E,,5,5,5,5,yes,SubmitConfidenceForShape,,,,,confidence_rating1_stage_i0_Explanation_ShapeIndex_218,click,confidence_rating1_stage_i0_Explanation_ShapeIndex_218_SubmitRatingBtn,08:00:18 04.07.25,1751616018
UID_cj57ak27iy05YN35ss,E,,3,1,1,1,yes,SubmitConfidenceForShape,,,,,confidence_rating1_stage_i0_Explanation_ShapeIndex_1228_a,click,confidence_rating1_stage_i0_Explanation_ShapeIndex_1228_a_SubmitRatingBtn,08:05:33 04.07.25,1751616333
UID_cj57ak27iy05YN35ss,E,,4,7,8,7,no,SubmitConfidenceForShape,,,,,confidence_rating1_stage_i0_Explanation_ShapeIndex_429,click,confidence_rating1_stage_i0_Explanation_ShapeIndex_429_SubmitRatingBtn,08:08:10 04.07.25,1751616490
UID_cj57ak27iy05YN35ss,E,,2,6,2,2,yes,SubmitConfidenceForShape,,,,,confidence_rating1_stage_i0_Explanation_ShapeIndex_219,click,confidence_rating1_stage_i0_Explanation_ShapeIndex_219_SubmitRatingBtn,08:09:59 04.07.25,1751616599
UID_cj57ak27iy05YN35ss,E,,4,1,2,1,no,SubmitConfidenceForShape,,,,,confidence_rating1_stage_i0_Explanation_ShapeIndex_6569,click,confidence_rating1_stage_i0_Explanation_ShapeIndex_6569_SubmitRatingBtn,08:11:39 04.07.25,1751616699
UID_cj57ak27iy05YN35ss,E,,2,6,7,6,no,SubmitConfidenceForShape,,,,,confidence_rating1_stage_i0_Explanation_ShapeIndex_7108,click,confidence_rating1_stage_i0_Explanation_ShapeIndex_7108_SubmitRatingBtn,08:13:50 04.07.25,1751616830
UID_cj57ak27iy05YN35ss,E,,3,,,,no,,,,,,block_end_questionnaire_explanation__question_1,click,block_end_questionnaire_explanation__question_1_SubmitRatingBtn,08:20:33 04.07.25,1751617233
UID_cj57ak27iy05YN35ss,E,,3,,,,no,,,,,,block_end_questionnaire_explanation__question_2,click,block_end_questionnaire_explanation__question_2_SubmitRatingBtn,08:20:48 04.07.25,1751617248
UID_cj57ak27iy05YN35ss,E,,3,,,,no,,,,,,block_end_questionnaire_explanation__question_3,click,block_end_questionnaire_explanation__question_3_SubmitRatingBtn,08:20:54 04.07.25,1751617254
UID_Dq81al47Ej35mF08WN,E,,5,1,1,1,yes,SubmitConfidenceForShape,,,,,confidence_rating1_stage_i0_Explanation_ShapeIndex_1228_a,click,confidence_rating1_stage_i0_Explanation_ShapeIndex_1228_a_SubmitRatingBtn,14:06:22 04.07.25,1751637982
UID_Dq81al47Ej35mF08WN,E,,4,4,2,2,yes,SubmitConfidenceForShape,,,,,confidence_rating1_stage_i0_Explanation_ShapeIndex_219,click,confidence_rating1_stage_i0_Explanation_ShapeIndex_219_SubmitRatingBtn,14:12:55 04.07.25,1751638375
UID_Dq81al47Ej35mF08WN,E,,5,5,5,5,yes,SubmitConfidenceForShape,,,,,confidence_rating1_stage_i0_Explanation_ShapeIndex_218,click,confidence_rating1_stage_i0_Explanation_ShapeIndex_218_SubmitRatingBtn,14:15:56 04.07.25,1751638556
UID_Dq81al47Ej35mF08WN,E,,3,7,7,6,no,SubmitConfidenceForShape,,,,,confidence_rating1_stage_i0_Explanation_ShapeIndex_7108,click,confidence_rating1_stage_i0_Explanation_ShapeIndex_7108_SubmitRatingBtn,14:20:39 04.07.25,1751638839
UID_Dq81al47Ej35mF08WN,E,,5,4,4,4,yes,SubmitConfidenceForShape,,,,,confidence_rating1_stage_i0_Explanation_ShapeIndex_6999,click,confidence_rating1_stage_i0_Explanation_ShapeIndex_6999_SubmitRatingBtn,14:23:37 04.07.25,1751639017
UID_Dq81al47Ej35mF08WN,E,,5,2,2,2,yes,SubmitConfidenceForShape,,,,,confidence_rating1_stage_i0_Explanation_ShapeIndex_1228_b,click,confidence_rating1_stage_i0_Explanation_ShapeIndex_1228_b_SubmitRatingBtn,14:27:25 04.07.25,1751639245
UID_Dq81al47Ej35mF08WN,E,,4,7,7,7,yes,SubmitConfidenceForShape,,,,,confidence_rating1_stage_i0_Explanation_ShapeIndex_1229,click,confidence_rating1_stage_i0_Explanation_ShapeIndex_1229_SubmitRatingBtn,14:34:21 04.07.25,1751639661
UID_Dq81al47Ej35mF08WN,E,,4,2,8,7,no,SubmitConfidenceForShape,,,,,confidence_rating1_stage_i0_Explanation_ShapeIndex_429,click,confidence_rating1_stage_i0_Explanation_ShapeIndex_429_SubmitRatingBtn,14:38:35 04.07.25,1751639915
UID_Dq81al47Ej35mF08WN,E,,5,1,2,1,no,SubmitConfidenceForShape,,,,,confidence_rating1_stage_i0_Explanation_ShapeIndex_6569,click,confidence_rating1_stage_i0_Explanation_ShapeIndex_6569_SubmitRatingBtn,14:39:37 04.07.25,1751639977
UID_Dq81al47Ej35mF08WN,E,,5,7,7,8,no,SubmitConfidenceForShape,,,,,confidence_rating1_stage_i0_Explanation_ShapeIndex_128,click,confidence_rating1_stage_i0_Explanation_ShapeIndex_128_SubmitRatingBtn,14:40:54 04.07.25,1751640054
UID_Dq81al47Ej35mF08WN,E,,3,,,,no,,,,,,block_end_questionnaire_explanation__question_1,click,block_end_questionnaire_explanation__question_1_SubmitRatingBtn,14:42:01 04.07.25,1751640121
UID_Dq81al47Ej35mF08WN,E,,4,,,,no,,,,,,block_end_questionnaire_explanation__question_2,click,block_end_questionnaire_explanation__question_2_SubmitRatingBtn,14:42:15 04.07.25,1751640135
UID_Dq81al47Ej35mF08WN,E,,4,,,,no,,,,,,block_end_questionnaire_explanation__question_3,click,block_end_questionnaire_explanation__question_3_SubmitRatingBtn,14:42:58 04.07.25,1751640178
UID_Sh35Zq77op98yU87nc,E,,5,7,7,7,yes,SubmitConfidenceForShape,,,,,confidence_rating1_stage_i0_Explanation_ShapeIndex_1229,click,confidence_rating1_stage_i0_Explanation_ShapeIndex_1229_SubmitRatingBtn,19:29:22 04.07.25,1751657362
UID_Sh35Zq77op98yU87nc,E,,3,5,5,5,yes,SubmitConfidenceForShape,,,,,confidence_rating1_stage_i0_Explanation_ShapeIndex_218,click,confidence_rating1_stage_i0_Explanation_ShapeIndex_218_SubmitRatingBtn,19:31:58 04.07.25,1751657518
UID_Sh35Zq77op98yU87nc,E,,4,7,8,7,no,SubmitConfidenceForShape,,,,,confidence_rating1_stage_i0_Explanation_ShapeIndex_429,click,confidence_rating1_stage_i0_Explanation_ShapeIndex_429_SubmitRatingBtn,19:33:58 04.07.25,1751657638
UID_Sh35Zq77op98yU87nc,E,,5,4,4,4,yes,SubmitConfidenceForShape,,,,,confidence_rating1_stage_i0_Explanation_ShapeIndex_6999,click,confidence_rating1_stage_i0_Explanation_ShapeIndex_6999_SubmitRatingBtn,19:35:27 04.07.25,1751657727
UID_Sh35Zq77op98yU87nc,E,,2,5,1,1,yes,SubmitConfidenceForShape,,,,,confidence_rating1_stage_i0_Explanation_ShapeIndex_1228_a,click,confidence_rating1_stage_i0_Explanation_ShapeIndex_1228_a_SubmitRatingBtn,19:39:31 04.07.25,1751657971
UID_Sh35Zq77op98yU87nc,E,,2,2,2,2,yes,SubmitConfidenceForShape,,,,,confidence_rating1_stage_i0_Explanation_ShapeIndex_219,click,confidence_rating1_stage_i0_Explanation_ShapeIndex_219_SubmitRatingBtn,19:45:22 04.07.25,1751658322
UID_Sh35Zq77op98yU87nc,E,,1,7,7,6,no,SubmitConfidenceForShape,,,,,confidence_rating1_stage_i0_Explanation_ShapeIndex_7108,click,confidence_rating1_stage_i0_Explanation_ShapeIndex_7108_SubmitRatingBtn,19:49:39 04.07.25,1751658579
UID_Sh35Zq77op98yU87nc,E,,1,1,2,1,no,SubmitConfidenceForShape,,,,,confidence_rating1_stage_i0_Explanation_ShapeIndex_6569,click,confidence_rating1_stage_i0_Explanation_ShapeIndex_6569_SubmitRatingBtn,19:52:16 04.07.25,1751658736
UID_Sh35Zq77op98yU87nc,E,,5,2,2,2,yes,SubmitConfidenceForShape,,,,,confidence_rating1_stage_i0_Explanation_ShapeIndex_1228_b,click,confidence_rating1_stage_i0_Explanation_ShapeIndex_1228_b_SubmitRatingBtn,19:52:59 04.07.25,1751658779
UID_Sh35Zq77op98yU87nc,E,,2,3,7,8,no,SubmitConfidenceForShape,,,,,confidence_rating1_stage_i0_Explanation_ShapeIndex_128,click,confidence_rating1_stage_i0_Explanation_ShapeIndex_128_SubmitRatingBtn,19:55:54 04.07.25,1751658954
UID_Sh35Zq77op98yU87nc,E,,2,,,,no,,,,,,block_end_questionnaire_explanation__question_1,click,block_end_questionnaire_explanation__question_1_SubmitRatingBtn,19:56:21 04.07.25,1751658981
UID_Sh35Zq77op98yU87nc,E,,2,,,,no,,,,,,block_end_questionnaire_explanation__question_2,click,block_end_questionnaire_explanation__question_2_SubmitRatingBtn,19:56:30 04.07.25,1751658990
UID_Sh35Zq77op98yU87nc,E,,4,,,,no,,,,,,block_end_questionnaire_explanation__question_3,click,block_end_questionnaire_explanation__question_3_SubmitRatingBtn,19:56:37 04.07.25,1751658997
UID_ZV94Gd16sF84aL62eH,E,,4,1,2,1,no,SubmitConfidenceForShape,,,,,confidence_rating1_stage_i0_Explanation_ShapeIndex_6569,click,confidence_rating1_stage_i0_Explanation_ShapeIndex_6569_SubmitRatingBtn,05:44:30 06.07.25,1751780670
UID_ZV94Gd16sF84aL62eH,E,,4,2,5,5,yes,SubmitConfidenceForShape,,,,,confidence_rating1_stage_i0_Explanation_ShapeIndex_218,click,confidence_rating1_stage_i0_Explanation_ShapeIndex_218_SubmitRatingBtn,05:47:57 06.07.25,1751780877
UID_ZV94Gd16sF84aL62eH,E,,3,8,2,2,yes,SubmitConfidenceForShape,,,,,confidence_rating1_stage_i0_Explanation_ShapeIndex_219,click,confidence_rating1_stage_i0_Explanation_ShapeIndex_219_SubmitRatingBtn,05:49:39 06.07.25,1751780979
UID_ZV94Gd16sF84aL62eH,E,,2,7,7,7,yes,SubmitConfidenceForShape,,,,,confidence_rating1_stage_i0_Explanation_ShapeIndex_1229,click,confidence_rating1_stage_i0_Explanation_ShapeIndex_1229_SubmitRatingBtn,05:53:58 06.07.25,1751781238
UID_ZV94Gd16sF84aL62eH,E,,5,4,4,4,yes,SubmitConfidenceForShape,,,,,confidence_rating1_stage_i0_Explanation_ShapeIndex_6999,click,confidence_rating1_stage_i0_Explanation_ShapeIndex_6999_SubmitRatingBtn,05:54:51 06.07.25,1751781291
UID_ZV94Gd16sF84aL62eH,E,,5,2,2,2,yes,SubmitConfidenceForShape,,,,,confidence_rating1_stage_i0_Explanation_ShapeIndex_1228_b,click,confidence_rating1_stage_i0_Explanation_ShapeIndex_1228_b_SubmitRatingBtn,05:55:44 06.07.25,1751781344
UID_ZV94Gd16sF84aL62eH,E,,4,2,8,7,no,SubmitConfidenceForShape,,,,,confidence_rating1_stage_i0_Explanation_ShapeIndex_429,click,confidence_rating1_stage_i0_Explanation_ShapeIndex_429_SubmitRatingBtn,05:57:37 06.07.25,1751781457
UID_ZV94Gd16sF84aL62eH,E,,3,7,7,6,no,SubmitConfidenceForShape,,,,,confidence_rating1_stage_i0_Explanation_ShapeIndex_7108,click,confidence_rating1_stage_i0_Explanation_ShapeIndex_7108_SubmitRatingBtn,06:00:02 06.07.25,1751781602
UID_ZV94Gd16sF84aL62eH,E,,4,5,1,1,yes,SubmitConfidenceForShape,,,,,confidence_rating1_stage_i0_Explanation_ShapeIndex_1228_a,click,confidence_rating1_stage_i0_Explanation_ShapeIndex_1228_a_SubmitRatingBtn,06:01:22 06.07.25,1751781682
UID_ZV94Gd16sF84aL62eH,E,,4,7,7,8,no,SubmitConfidenceForShape,,,,,confidence_rating1_stage_i0_Explanation_ShapeIndex_128,click,confidence_rating1_stage_i0_Explanation_ShapeIndex_128_SubmitRatingBtn,06:02:33 06.07.25,1751781753
UID_ZV94Gd16sF84aL62eH,E,,4,,,,no,,,,,,block_end_questionnaire_explanation__question_1,click,block_end_questionnaire_explanation__question_1_SubmitRatingBtn,06:02:40 06.07.25,1751781760
UID_ZV94Gd16sF84aL62eH,E,,3,,,,no,,,,,,block_end_questionnaire_explanation__question_2,click,block_end_questionnaire_explanation__question_2_SubmitRatingBtn,06:02:45 06.07.25,1751781765
UID_ZV94Gd16sF84aL62eH,E,,4,,,,no,,,,,,block_end_questionnaire_explanation__question_3,click,block_end_questionnaire_explanation__question_3_SubmitRatingBtn,06:02:52 06.07.25,1751781772
UID_pk73wE89io45VZ91BF,B,,3,3,8,7,no,SubmitConfidenceForShape,,,,,confidence_rating1_stage_i0_Explanation_ShapeIndex_429,click,confidence_rating1_stage_i0_Explanation_ShapeIndex_429_SubmitRatingBtn,07:42:11 06.07.25,1751787731
UID_pk73wE89io45VZ91BF,B,,5,6,6,2,no,SubmitConfidenceForShape,,,,,confidence_rating1_stage_i0_Explanation_ShapeIndex_219,click,confidence_rating1_stage_i0_Explanation_ShapeIndex_219_SubmitRatingBtn,07:43:03 06.07.25,1751787783
UID_pk73wE89io45VZ91BF,B,,4,4,4,4,yes,SubmitConfidenceForShape,,,,,confidence_rating1_stage_i0_Explanation_ShapeIndex_6999,click,confidence_rating1_stage_i0_Explanation_ShapeIndex_6999_SubmitRatingBtn,07:44:43 06.07.25,1751787883
UID_pk73wE89io45VZ91BF,B,,4,6,2,2,yes,SubmitConfidenceForShape,,,,,confidence_rating1_stage_i0_Explanation_ShapeIndex_1228_b,click,confidence_rating1_stage_i0_Explanation_ShapeIndex_1228_b_SubmitRatingBtn,07:46:56 06.07.25,1751788016
UID_pk73wE89io45VZ91BF,B,,5,5,5,5,yes,SubmitConfidenceForShape,,,,,confidence_rating1_stage_i0_Explanation_ShapeIndex_218,click,confidence_rating1_stage_i0_Explanation_ShapeIndex_218_SubmitRatingBtn,07:47:58 06.07.25,1751788078
UID_pk73wE89io45VZ91BF,B,,3,2,1,1,yes,SubmitConfidenceForShape,,,,,confidence_rating1_stage_i0_Explanation_ShapeIndex_1228_a,click,confidence_rating1_stage_i0_Explanation_ShapeIndex_1228_a_SubmitRatingBtn,07:49:26 06.07.25,1751788166
UID_pk73wE89io45VZ91BF,B,,2,8,8,6,no,SubmitConfidenceForShape,,,,,confidence_rating1_stage_i0_Explanation_ShapeIndex_7108,click,confidence_rating1_stage_i0_Explanation_ShapeIndex_7108_SubmitRatingBtn,07:52:36 06.07.25,1751788356
UID_pk73wE89io45VZ91BF,B,,4,1,1,1,yes,SubmitConfidenceForShape,,,,,confidence_rating1_stage_i0_Explanation_ShapeIndex_6569,click,confidence_rating1_stage_i0_Explanation_ShapeIndex_6569_SubmitRatingBtn,07:54:11 06.07.25,1751788451
UID_pk73wE89io45VZ91BF,B,,5,7,7,8,no,SubmitConfidenceForShape,,,,,confidence_rating1_stage_i0_Explanation_ShapeIndex_128,click,confidence_rating1_stage_i0_Explanation_ShapeIndex_128_SubmitRatingBtn,07:55:12 06.07.25,1751788512
UID_pk73wE89io45VZ91BF,B,,5,7,7,7,yes,SubmitConfidenceForShape,,,,,confidence_rating1_stage_i0_Explanation_ShapeIndex_1229,click,confidence_rating1_stage_i0_Explanation_ShapeIndex_1229_SubmitRatingBtn,07:56:20 06.07.25,1751788580
UID_Pv48eG17sn92Ge75sg,E,,4,5,5,5,yes,SubmitConfidenceForShape,,,,,confidence_rating1_stage_i0_Explanation_ShapeIndex_218,click,confidence_rating1_stage_i0_Explanation_ShapeIndex_218_SubmitRatingBtn,09:57:50 06.07.25,1751795870
UID_Pv48eG17sn92Ge75sg,E,,5,7,7,7,yes,SubmitConfidenceForShape,,,,,confidence_rating1_stage_i0_Explanation_ShapeIndex_1229,click,confidence_rating1_stage_i0_Explanation_ShapeIndex_1229_SubmitRatingBtn,09:58:53 06.07.25,1751795933
UID_Pv48eG17sn92Ge75sg,E,,5,8,8,7,no,SubmitConfidenceForShape,,,,,confidence_rating1_stage_i0_Explanation_ShapeIndex_429,click,confidence_rating1_stage_i0_Explanation_ShapeIndex_429_SubmitRatingBtn,10:06:57 06.07.25,1751796417
UID_Pv48eG17sn92Ge75sg,E,,4,5,5,5,yes,SubmitConfidenceForShape,,,,,confidence_rating1_stage_i0_Explanation_ShapeIndex_218,click,confidence_rating1_stage_i0_Explanation_ShapeIndex_218_SubmitRatingBtn,10:08:04 06.07.25,1751796484
UID_Pv48eG17sn92Ge75sg,E,,5,7,7,7,yes,SubmitConfidenceForShape,,,,,confidence_rating1_stage_i0_Explanation_ShapeIndex_1229,click,confidence_rating1_stage_i0_Explanation_ShapeIndex_1229_SubmitRatingBtn,10:08:23 06.07.25,1751796503
UID_Pv48eG17sn92Ge75sg,E,,5,7,8,7,no,SubmitConfidenceForShape,,,,,confidence_rating1_stage_i0_Explanation_ShapeIndex_429,click,confidence_rating1_stage_i0_Explanation_ShapeIndex_429_SubmitRatingBtn,10:09:00 06.07.25,1751796540
UID_Pv48eG17sn92Ge75sg,E,,5,1,2,1,no,SubmitConfidenceForShape,,,,,confidence_rating1_stage_i0_Explanation_ShapeIndex_6569,click,confidence_rating1_stage_i0_Explanation_ShapeIndex_6569_SubmitRatingBtn,10:10:17 06.07.25,1751796617
UID_Pv48eG17sn92Ge75sg,E,,4,5,5,5,yes,SubmitConfidenceForShape,,,,,confidence_rating1_stage_i0_Explanation_ShapeIndex_218,click,confidence_rating1_stage_i0_Explanation_ShapeIndex_218_SubmitRatingBtn,10:16:00 06.07.25,1751796960
UID_Pv48eG17sn92Ge75sg,E,,5,7,7,7,yes,SubmitConfidenceForShape,,,,,confidence_rating1_stage_i0_Explanation_ShapeIndex_1229,click,confidence_rating1_stage_i0_Explanation_ShapeIndex_1229_SubmitRatingBtn,10:16:08 06.07.25,1751796968
UID_Pv48eG17sn92Ge75sg,E,,5,8,8,7,no,SubmitConfidenceForShape,,,,,confidence_rating1_stage_i0_Explanation_ShapeIndex_429,click,confidence_rating1_stage_i0_Explanation_ShapeIndex_429_SubmitRatingBtn,10:16:23 06.07.25,1751796983
UID_Pv48eG17sn92Ge75sg,E,,5,2,2,1,no,SubmitConfidenceForShape,,,,,confidence_rating1_stage_i0_Explanation_ShapeIndex_6569,click,confidence_rating1_stage_i0_Explanation_ShapeIndex_6569_SubmitRatingBtn,10:16:34 06.07.25,1751796994
UID_Pv48eG17sn92Ge75sg,E,,5,7,7,8,no,SubmitConfidenceForShape,,,,,confidence_rating1_stage_i0_Explanation_ShapeIndex_128,click,confidence_rating1_stage_i0_Explanation_ShapeIndex_128_SubmitRatingBtn,10:16:46 06.07.25,1751797006
UID_Pv48eG17sn92Ge75sg,E,,5,7,7,6,no,SubmitConfidenceForShape,,,,,confidence_rating1_stage_i0_Explanation_ShapeIndex_7108,click,confidence_rating1_stage_i0_Explanation_ShapeIndex_7108_SubmitRatingBtn,10:16:58 06.07.25,1751797018
UID_Pv48eG17sn92Ge75sg,E,,5,4,4,4,yes,SubmitConfidenceForShape,,,,,confidence_rating1_stage_i0_Explanation_ShapeIndex_6999,click,confidence_rating1_stage_i0_Explanation_ShapeIndex_6999_SubmitRatingBtn,10:17:09 06.07.25,1751797029
UID_Pv48eG17sn92Ge75sg,E,,5,2,2,2,yes,SubmitConfidenceForShape,,,,,confidence_rating1_stage_i0_Explanation_ShapeIndex_219,click,confidence_rating1_stage_i0_Explanation_ShapeIndex_219_SubmitRatingBtn,10:17:19 06.07.25,1751797039
UID_Pv48eG17sn92Ge75sg,E,,5,1,1,1,yes,SubmitConfidenceForShape,,,,,confidence_rating1_stage_i0_Explanation_ShapeIndex_1228_a,click,confidence_rating1_stage_i0_Explanation_ShapeIndex_1228_a_SubmitRatingBtn,10:17:47 06.07.25,1751797067
UID_Pv48eG17sn92Ge75sg,E,,5,2,2,2,yes,SubmitConfidenceForShape,,,,,confidence_rating1_stage_i0_Explanation_ShapeIndex_1228_b,click,confidence_rating1_stage_i0_Explanation_ShapeIndex_1228_b_SubmitRatingBtn,10:18:46 06.07.25,1751797126
UID_Pv48eG17sn92Ge75sg,E,,5,,,,no,,,,,,block_end_questionnaire_explanation__question_1,click,block_end_questionnaire_explanation__question_1_SubmitRatingBtn,10:18:49 06.07.25,1751797129
UID_Pv48eG17sn92Ge75sg,E,,5,,,,no,,,,,,block_end_questionnaire_explanation__question_2,click,block_end_questionnaire_explanation__question_2_SubmitRatingBtn,10:18:51 06.07.25,1751797131
UID_Pv48eG17sn92Ge75sg,E,,5,,,,no,,,,,,block_end_questionnaire_explanation__question_3,click,block_end_questionnaire_explanation__question_3_SubmitRatingBtn,10:18:53 06.07.25,1751797133
UID_Pv48eG17sn92Ge75sg,E,,5,5,5,5,yes,SubmitConfidenceForShape,,,,,confidence_rating1_stage_i0_Explanation_ShapeIndex_218,click,confidence_rating1_stage_i0_Explanation_ShapeIndex_218_SubmitRatingBtn,10:20:44 06.07.25,1751797244
UID_Pv48eG17sn92Ge75sg,E,,5,7,7,7,yes,SubmitConfidenceForShape,,,,,confidence_rating1_stage_i0_Explanation_ShapeIndex_1229,click,confidence_rating1_stage_i0_Explanation_ShapeIndex_1229_SubmitRatingBtn,10:20:52 06.07.25,1751797252
UID_Pv48eG17sn92Ge75sg,E,,5,7,8,7,no,SubmitConfidenceForShape,,,,,confidence_rating1_stage_i0_Explanation_ShapeIndex_429,click,confidence_rating1_stage_i0_Explanation_ShapeIndex_429_SubmitRatingBtn,10:21:07 06.07.25,1751797267
UID_Pv48eG17sn92Ge75sg,E,,5,1,2,1,no,SubmitConfidenceForShape,,,,,confidence_rating1_stage_i0_Explanation_ShapeIndex_6569,click,confidence_rating1_stage_i0_Explanation_ShapeIndex_6569_SubmitRatingBtn,10:21:23 06.07.25,1751797283
UID_Pv48eG17sn92Ge75sg,E,,5,8,7,8,no,SubmitConfidenceForShape,,,,,confidence_rating1_stage_i0_Explanation_ShapeIndex_128,click,confidence_rating1_stage_i0_Explanation_ShapeIndex_128_SubmitRatingBtn,10:21:33 06.07.25,1751797293
UID_Pv48eG17sn92Ge75sg,E,,5,6,7,6,no,SubmitConfidenceForShape,,,,,confidence_rating1_stage_i0_Explanation_ShapeIndex_7108,click,confidence_rating1_stage_i0_Explanation_ShapeIndex_7108_SubmitRatingBtn,10:21:42 06.07.25,1751797302
UID_Pv48eG17sn92Ge75sg,E,,5,4,4,4,yes,SubmitConfidenceForShape,,,,,confidence_rating1_stage_i0_Explanation_ShapeIndex_6999,click,confidence_rating1_stage_i0_Explanation_ShapeIndex_6999_SubmitRatingBtn,10:21:54 06.07.25,1751797314
UID_Pv48eG17sn92Ge75sg,E,,5,2,2,2,yes,SubmitConfidenceForShape,,,,,confidence_rating1_stage_i0_Explanation_ShapeIndex_219,click,confidence_rating1_stage_i0_Explanation_ShapeIndex_219_SubmitRatingBtn,10:22:00 06.07.25,1751797320
UID_Pv48eG17sn92Ge75sg,E,,5,1,1,1,yes,SubmitConfidenceForShape,,,,,confidence_rating1_stage_i0_Explanation_ShapeIndex_1228_a,click,confidence_rating1_stage_i0_Explanation_ShapeIndex_1228_a_SubmitRatingBtn,10:22:07 06.07.25,1751797327
UID_Pv48eG17sn92Ge75sg,E,,5,2,2,2,yes,SubmitConfidenceForShape,,,,,confidence_rating1_stage_i0_Explanation_ShapeIndex_1228_b,click,confidence_rating1_stage_i0_Explanation_ShapeIndex_1228_b_SubmitRatingBtn,10:22:13 06.07.25,1751797333
UID_Pv48eG17sn92Ge75sg,E,,5,,,,no,,,,,,block_end_questionnaire_explanation__question_1,click,block_end_questionnaire_explanation__question_1_SubmitRatingBtn,10:22:15 06.07.25,1751797335
UID_Pv48eG17sn92Ge75sg,E,,5,,,,no,,,,,,block_end_questionnaire_explanation__question_2,click,block_end_questionnaire_explanation__question_2_SubmitRatingBtn,10:22:16 06.07.25,1751797336
UID_Pv48eG17sn92Ge75sg,E,,5,,,,no,,,,,,block_end_questionnaire_explanation__question_3,click,block_end_questionnaire_explanation__question_3_SubmitRatingBtn,10:22:19 06.07.25,1751797339
UID_CF02vC74Pc64Kl17qk,E,,4,1,2,1,no,SubmitConfidenceForShape,,,,,confidence_rating1_stage_i0_Explanation_ShapeIndex_6569,click,confidence_rating1_stage_i0_Explanation_ShapeIndex_6569_SubmitRatingBtn,10:43:43 06.07.25,1751798623
UID_CF02vC74Pc64Kl17qk,E,,5,7,7,7,yes,SubmitConfidenceForShape,,,,,confidence_rating1_stage_i0_Explanation_ShapeIndex_1229,click,confidence_rating1_stage_i0_Explanation_ShapeIndex_1229_SubmitRatingBtn,10:44:07 06.07.25,1751798647
UID_CF02vC74Pc64Kl17qk,E,,4,7,7,6,no,SubmitConfidenceForShape,,,,,confidence_rating1_stage_i0_Explanation_ShapeIndex_7108,click,confidence_rating1_stage_i0_Explanation_ShapeIndex_7108_SubmitRatingBtn,10:47:19 06.07.25,1751798839
UID_CF02vC74Pc64Kl17qk,E,,4,5,1,1,yes,SubmitConfidenceForShape,,,,,confidence_rating1_stage_i0_Explanation_ShapeIndex_1228_a,click,confidence_rating1_stage_i0_Explanation_ShapeIndex_1228_a_SubmitRatingBtn,10:50:39 06.07.25,1751799039
UID_CF02vC74Pc64Kl17qk,E,,4,4,4,4,yes,SubmitConfidenceForShape,,,,,confidence_rating1_stage_i0_Explanation_ShapeIndex_6999,click,confidence_rating1_stage_i0_Explanation_ShapeIndex_6999_SubmitRatingBtn,10:52:18 06.07.25,1751799138
UID_CF02vC74Pc64Kl17qk,E,,3,7,2,2,yes,SubmitConfidenceForShape,,,,,confidence_rating1_stage_i0_Explanation_ShapeIndex_219,click,confidence_rating1_stage_i0_Explanation_ShapeIndex_219_SubmitRatingBtn,10:58:55 06.07.25,1751799535
UID_CF02vC74Pc64Kl17qk,E,,4,7,7,8,no,SubmitConfidenceForShape,,,,,confidence_rating1_stage_i0_Explanation_ShapeIndex_128,click,confidence_rating1_stage_i0_Explanation_ShapeIndex_128_SubmitRatingBtn,11:01:48 06.07.25,1751799708
UID_CF02vC74Pc64Kl17qk,E,,4,2,2,2,yes,SubmitConfidenceForShape,,,,,confidence_rating1_stage_i0_Explanation_ShapeIndex_1228_b,click,confidence_rating1_stage_i0_Explanation_ShapeIndex_1228_b_SubmitRatingBtn,11:02:48 06.07.25,1751799768
UID_CF02vC74Pc64Kl17qk,E,,4,7,8,7,no,SubmitConfidenceForShape,,,,,confidence_rating1_stage_i0_Explanation_ShapeIndex_429,click,confidence_rating1_stage_i0_Explanation_ShapeIndex_429_SubmitRatingBtn,11:07:04 06.07.25,1751800024
UID_CF02vC74Pc64Kl17qk,E,,4,5,5,5,yes,SubmitConfidenceForShape,,,,,confidence_rating1_stage_i0_Explanation_ShapeIndex_218,click,confidence_rating1_stage_i0_Explanation_ShapeIndex_218_SubmitRatingBtn,11:08:48 06.07.25,1751800128
UID_CF02vC74Pc64Kl17qk,E,,5,,,,no,,,,,,block_end_questionnaire_explanation__question_1,click,block_end_questionnaire_explanation__question_1_SubmitRatingBtn,11:08:59 06.07.25,1751800139
UID_CF02vC74Pc64Kl17qk,E,,4,,,,no,,,,,,block_end_questionnaire_explanation__question_2,click,block_end_questionnaire_explanation__question_2_SubmitRatingBtn,11:09:06 06.07.25,1751800146
UID_CF02vC74Pc64Kl17qk,E,,4,,,,no,,,,,,block_end_questionnaire_explanation__question_3,click,block_end_questionnaire_explanation__question_3_SubmitRatingBtn,11:09:24 06.07.25,1751800164
UID_FG46xu58JO11lz44dt,E,,4,2,2,2,yes,SubmitConfidenceForShape,,,,,confidence_rating1_stage_i0_Explanation_ShapeIndex_219,click,confidence_rating1_stage_i0_Explanation_ShapeIndex_219_SubmitRatingBtn,14:16:09 06.07.25,1751811369
UID_FG46xu58JO11lz44dt,E,,5,2,2,1,no,SubmitConfidenceForShape,,,,,confidence_rating1_stage_i0_Explanation_ShapeIndex_6569,click,confidence_rating1_stage_i0_Explanation_ShapeIndex_6569_SubmitRatingBtn,14:20:08 06.07.25,1751811608
UID_FG46xu58JO11lz44dt,E,,4,7,7,8,no,SubmitConfidenceForShape,,,,,confidence_rating1_stage_i0_Explanation_ShapeIndex_128,click,confidence_rating1_stage_i0_Explanation_ShapeIndex_128_SubmitRatingBtn,14:20:17 06.07.25,1751811617
UID_FG46xu58JO11lz44dt,E,,5,2,2,2,yes,SubmitConfidenceForShape,,,,,confidence_rating1_stage_i0_Explanation_ShapeIndex_1228_b,click,confidence_rating1_stage_i0_Explanation_ShapeIndex_1228_b_SubmitRatingBtn,14:20:23 06.07.25,1751811623
UID_FG46xu58JO11lz44dt,E,,5,7,7,6,no,SubmitConfidenceForShape,,,,,confidence_rating1_stage_i0_Explanation_ShapeIndex_7108,click,confidence_rating1_stage_i0_Explanation_ShapeIndex_7108_SubmitRatingBtn,14:20:31 06.07.25,1751811631
UID_FG46xu58JO11lz44dt,E,,5,4,4,4,yes,SubmitConfidenceForShape,,,,,confidence_rating1_stage_i0_Explanation_ShapeIndex_6999,click,confidence_rating1_stage_i0_Explanation_ShapeIndex_6999_SubmitRatingBtn,14:20:39 06.07.25,1751811639
UID_FG46xu58JO11lz44dt,E,,5,1,1,1,yes,SubmitConfidenceForShape,,,,,confidence_rating1_stage_i0_Explanation_ShapeIndex_1228_a,click,confidence_rating1_stage_i0_Explanation_ShapeIndex_1228_a_SubmitRatingBtn,14:20:48 06.07.25,1751811648
UID_FG46xu58JO11lz44dt,E,,5,5,5,5,yes,SubmitConfidenceForShape,,,,,confidence_rating1_stage_i0_Explanation_ShapeIndex_218,click,confidence_rating1_stage_i0_Explanation_ShapeIndex_218_SubmitRatingBtn,14:20:58 06.07.25,1751811658
UID_FG46xu58JO11lz44dt,E,,5,7,7,7,yes,SubmitConfidenceForShape,,,,,confidence_rating1_stage_i0_Explanation_ShapeIndex_1229,click,confidence_rating1_stage_i0_Explanation_ShapeIndex_1229_SubmitRatingBtn,14:21:06 06.07.25,1751811666
UID_FG46xu58JO11lz44dt,E,,4,8,8,7,no,SubmitConfidenceForShape,,,,,confidence_rating1_stage_i0_Explanation_ShapeIndex_429,click,confidence_rating1_stage_i0_Explanation_ShapeIndex_429_SubmitRatingBtn,14:21:13 06.07.25,1751811673
UID_FG46xu58JO11lz44dt,E,,5,,,,no,,,,,,block_end_questionnaire_explanation__question_1,click,block_end_questionnaire_explanation__question_1_SubmitRatingBtn,14:21:15 06.07.25,1751811675
UID_FG46xu58JO11lz44dt,E,,5,,,,no,,,,,,block_end_questionnaire_explanation__question_2,click,block_end_questionnaire_explanation__question_2_SubmitRatingBtn,14:21:19 06.07.25,1751811679
UID_FG46xu58JO11lz44dt,E,,5,,,,no,,,,,,block_end_questionnaire_explanation__question_3,click,block_end_questionnaire_explanation__question_3_SubmitRatingBtn,14:21:21 06.07.25,1751811681
UID_mC27mn99vZ72Ix97hE,E,,3,6,7,6,no,SubmitConfidenceForShape,,,,,confidence_rating1_stage_i0_Explanation_ShapeIndex_7108,click,confidence_rating1_stage_i0_Explanation_ShapeIndex_7108_SubmitRatingBtn,16:07:07 06.07.25,1751818027
UID_mC27mn99vZ72Ix97hE,E,,3,7,7,8,no,SubmitConfidenceForShape,,,,,confidence_rating1_stage_i0_Explanation_ShapeIndex_128,click,confidence_rating1_stage_i0_Explanation_ShapeIndex_128_SubmitRatingBtn,16:08:53 06.07.25,1751818133
UID_mC27mn99vZ72Ix97hE,E,,3,1,1,1,yes,SubmitConfidenceForShape,,,,,confidence_rating1_stage_i0_Explanation_ShapeIndex_1228_a,click,confidence_rating1_stage_i0_Explanation_ShapeIndex_1228_a_SubmitRatingBtn,16:10:37 06.07.25,1751818237
UID_mC27mn99vZ72Ix97hE,E,,4,2,5,5,yes,SubmitConfidenceForShape,,,,,confidence_rating1_stage_i0_Explanation_ShapeIndex_218,click,confidence_rating1_stage_i0_Explanation_ShapeIndex_218_SubmitRatingBtn,16:12:05 06.07.25,1751818325
UID_mC27mn99vZ72Ix97hE,E,,4,3,8,7,no,SubmitConfidenceForShape,,,,,confidence_rating1_stage_i0_Explanation_ShapeIndex_429,click,confidence_rating1_stage_i0_Explanation_ShapeIndex_429_SubmitRatingBtn,16:13:48 06.07.25,1751818428
UID_mC27mn99vZ72Ix97hE,E,,5,1,2,1,no,SubmitConfidenceForShape,,,,,confidence_rating1_stage_i0_Explanation_ShapeIndex_6569,click,confidence_rating1_stage_i0_Explanation_ShapeIndex_6569_SubmitRatingBtn,16:14:39 06.07.25,1751818479
UID_mC27mn99vZ72Ix97hE,E,,3,2,2,2,yes,SubmitConfidenceForShape,,,,,confidence_rating1_stage_i0_Explanation_ShapeIndex_1228_b,click,confidence_rating1_stage_i0_Explanation_ShapeIndex_1228_b_SubmitRatingBtn,16:15:34 06.07.25,1751818534
UID_mC27mn99vZ72Ix97hE,E,,3,4,7,7,yes,SubmitConfidenceForShape,,,,,confidence_rating1_stage_i0_Explanation_ShapeIndex_1229,click,confidence_rating1_stage_i0_Explanation_ShapeIndex_1229_SubmitRatingBtn,16:18:44 06.07.25,1751818724
UID_mC27mn99vZ72Ix97hE,E,,4,4,4,4,yes,SubmitConfidenceForShape,,,,,confidence_rating1_stage_i0_Explanation_ShapeIndex_6999,click,confidence_rating1_stage_i0_Explanation_ShapeIndex_6999_SubmitRatingBtn,16:20:06 06.07.25,1751818806
UID_mC27mn99vZ72Ix97hE,E,,4,8,2,2,yes,SubmitConfidenceForShape,,,,,confidence_rating1_stage_i0_Explanation_ShapeIndex_219,click,confidence_rating1_stage_i0_Explanation_ShapeIndex_219_SubmitRatingBtn,16:20:44 06.07.25,1751818844
UID_mC27mn99vZ72Ix97hE,E,,5,,,,no,,,,,,block_end_questionnaire_explanation__question_1,click,block_end_questionnaire_explanation__question_1_SubmitRatingBtn,16:20:52 06.07.25,1751818852
UID_mC27mn99vZ72Ix97hE,E,,4,,,,no,,,,,,block_end_questionnaire_explanation__question_2,click,block_end_questionnaire_explanation__question_2_SubmitRatingBtn,16:22:18 06.07.25,1751818938
UID_mC27mn99vZ72Ix97hE,E,,4,,,,no,,,,,,block_end_questionnaire_explanation__question_3,click,block_end_questionnaire_explanation__question_3_SubmitRatingBtn,16:22:25 06.07.25,1751818945
UID_zx46vz31og35Jx66RA,E,,3,8,7,8,no,SubmitConfidenceForShape,,,,,confidence_rating1_stage_i0_Explanation_ShapeIndex_128,click,confidence_rating1_stage_i0_Explanation_ShapeIndex_128_SubmitRatingBtn,16:44:22 06.07.25,1751820262
UID_zx46vz31og35Jx66RA,E,,5,4,4,4,yes,SubmitConfidenceForShape,,,,,confidence_rating1_stage_i0_Explanation_ShapeIndex_6999,click,confidence_rating1_stage_i0_Explanation_ShapeIndex_6999_SubmitRatingBtn,16:44:49 06.07.25,1751820289
UID_zx46vz31og35Jx66RA,E,,2,1,2,1,no,SubmitConfidenceForShape,,,,,confidence_rating1_stage_i0_Explanation_ShapeIndex_6569,click,confidence_rating1_stage_i0_Explanation_ShapeIndex_6569_SubmitRatingBtn,16:46:55 06.07.25,1751820415
UID_zx46vz31og35Jx66RA,E,,4,3,2,2,yes,SubmitConfidenceForShape,,,,,confidence_rating1_stage_i0_Explanation_ShapeIndex_1228_b,click,confidence_rating1_stage_i0_Explanation_ShapeIndex_1228_b_SubmitRatingBtn,16:47:17 06.07.25,1751820437
UID_zx46vz31og35Jx66RA,E,,3,2,2,2,yes,SubmitConfidenceForShape,,,,,confidence_rating1_stage_i0_Explanation_ShapeIndex_219,click,confidence_rating1_stage_i0_Explanation_ShapeIndex_219_SubmitRatingBtn,16:48:01 06.07.25,1751820481
UID_zx46vz31og35Jx66RA,E,,2,5,5,5,yes,SubmitConfidenceForShape,,,,,confidence_rating1_stage_i0_Explanation_ShapeIndex_218,click,confidence_rating1_stage_i0_Explanation_ShapeIndex_218_SubmitRatingBtn,16:49:22 06.07.25,1751820562
UID_zx46vz31og35Jx66RA,E,,4,5,1,1,yes,SubmitConfidenceForShape,,,,,confidence_rating1_stage_i0_Explanation_ShapeIndex_1228_a,click,confidence_rating1_stage_i0_Explanation_ShapeIndex_1228_a_SubmitRatingBtn,16:50:27 06.07.25,1751820627
UID_zx46vz31og35Jx66RA,E,,3,7,8,7,no,SubmitConfidenceForShape,,,,,confidence_rating1_stage_i0_Explanation_ShapeIndex_429,click,confidence_rating1_stage_i0_Explanation_ShapeIndex_429_SubmitRatingBtn,16:52:51 06.07.25,1751820771
UID_zx46vz31og35Jx66RA,E,,3,7,7,6,no,SubmitConfidenceForShape,,,,,confidence_rating1_stage_i0_Explanation_ShapeIndex_7108,click,confidence_rating1_stage_i0_Explanation_ShapeIndex_7108_SubmitRatingBtn,16:53:05 06.07.25,1751820785
UID_zx46vz31og35Jx66RA,E,,4,7,7,7,yes,SubmitConfidenceForShape,,,,,confidence_rating1_stage_i0_Explanation_ShapeIndex_1229,click,confidence_rating1_stage_i0_Explanation_ShapeIndex_1229_SubmitRatingBtn,16:53:15 06.07.25,1751820795
UID_zx46vz31og35Jx66RA,E,,3,,,,no,,,,,,block_end_questionnaire_explanation__question_1,click,block_end_questionnaire_explanation__question_1_SubmitRatingBtn,16:53:29 06.07.25,1751820809
UID_zx46vz31og35Jx66RA,E,,4,,,,no,,,,,,block_end_questionnaire_explanation__question_2,click,block_end_questionnaire_explanation__question_2_SubmitRatingBtn,16:53:36 06.07.25,1751820816
UID_zx46vz31og35Jx66RA,E,,4,,,,no,,,,,,block_end_questionnaire_explanation__question_3,click,block_end_questionnaire_explanation__question_3_SubmitRatingBtn,16:53:45 06.07.25,1751820825
UID_Fy84yY21tb83BJ62mg,E,,4,7,7,8,no,SubmitConfidenceForShape,,,,,confidence_rating1_stage_i0_Explanation_ShapeIndex_128,click,confidence_rating1_stage_i0_Explanation_ShapeIndex_128_SubmitRatingBtn,17:22:39 06.07.25,1751822559
UID_Fy84yY21tb83BJ62mg,E,,5,4,4,4,yes,SubmitConfidenceForShape,,,,,confidence_rating1_stage_i0_Explanation_ShapeIndex_6999,click,confidence_rating1_stage_i0_Explanation_ShapeIndex_6999_SubmitRatingBtn,17:24:18 06.07.25,1751822658
UID_Fy84yY21tb83BJ62mg,E,,4,2,5,5,yes,SubmitConfidenceForShape,,,,,confidence_rating1_stage_i0_Explanation_ShapeIndex_218,click,confidence_rating1_stage_i0_Explanation_ShapeIndex_218_SubmitRatingBtn,17:25:14 06.07.25,1751822714
UID_Fy84yY21tb83BJ62mg,E,,5,2,2,2,yes,SubmitConfidenceForShape,,,,,confidence_rating1_stage_i0_Explanation_ShapeIndex_1228_b,click,confidence_rating1_stage_i0_Explanation_ShapeIndex_1228_b_SubmitRatingBtn,17:26:17 06.07.25,1751822777
UID_Fy84yY21tb83BJ62mg,E,,4,3,2,1,no,SubmitConfidenceForShape,,,,,confidence_rating1_stage_i0_Explanation_ShapeIndex_6569,click,confidence_rating1_stage_i0_Explanation_ShapeIndex_6569_SubmitRatingBtn,17:28:42 06.07.25,1751822922
UID_Fy84yY21tb83BJ62mg,E,,4,2,8,7,no,SubmitConfidenceForShape,,,,,confidence_rating1_stage_i0_Explanation_ShapeIndex_429,click,confidence_rating1_stage_i0_Explanation_ShapeIndex_429_SubmitRatingBtn,17:31:52 06.07.25,1751823112
UID_Fy84yY21tb83BJ62mg,E,,3,1,1,1,yes,SubmitConfidenceForShape,,,,,confidence_rating1_stage_i0_Explanation_ShapeIndex_1228_a,click,confidence_rating1_stage_i0_Explanation_ShapeIndex_1228_a_SubmitRatingBtn,17:32:38 06.07.25,1751823158
UID_Fy84yY21tb83BJ62mg,E,,5,7,7,7,yes,SubmitConfidenceForShape,,,,,confidence_rating1_stage_i0_Explanation_ShapeIndex_1229,click,confidence_rating1_stage_i0_Explanation_ShapeIndex_1229_SubmitRatingBtn,17:33:40 06.07.25,1751823220
UID_Fy84yY21tb83BJ62mg,E,,3,7,7,6,no,SubmitConfidenceForShape,,,,,confidence_rating1_stage_i0_Explanation_ShapeIndex_7108,click,confidence_rating1_stage_i0_Explanation_ShapeIndex_7108_SubmitRatingBtn,17:34:48 06.07.25,1751823288
UID_Fy84yY21tb83BJ62mg,E,,4,2,2,2,yes,SubmitConfidenceForShape,,,,,confidence_rating1_stage_i0_Explanation_ShapeIndex_219,click,confidence_rating1_stage_i0_Explanation_ShapeIndex_219_SubmitRatingBtn,17:35:10 06.07.25,1751823310
UID_Fy84yY21tb83BJ62mg,E,,5,,,,no,,,,,,block_end_questionnaire_explanation__question_1,click,block_end_questionnaire_explanation__question_1_SubmitRatingBtn,17:36:30 06.07.25,1751823390
UID_Fy84yY21tb83BJ62mg,E,,2,,,,no,,,,,,block_end_questionnaire_explanation__question_2,click,block_end_questionnaire_explanation__question_2_SubmitRatingBtn,17:36:40 06.07.25,1751823400
UID_Fy84yY21tb83BJ62mg,E,,4,,,,no,,,,,,block_end_questionnaire_explanation__question_3,click,block_end_questionnaire_explanation__question_3_SubmitRatingBtn,17:36:48 06.07.25,1751823408
