tuid,ugroup,selectedOptionName,selectedOptionValue,aiSelectedOptionValue,correctAnswerValue,date,time
UID_OK52uh59yc17Gg38pe,A,question_id_4,A,A,D,21:14:15 16.09.25,1758057255
UID_OK52uh59yc17Gg38pe,A,facesSlider_question_id_4_rating,4,,,21:14:18 16.09.25,1758057258
UID_OK52uh59yc17Gg38pe,A,question_id_15,C,C,C,21:15:23 16.09.25,1758057323
UID_OK52uh59yc17Gg38pe,A,facesSlider_question_id_15_rating,2,,,21:15:26 16.09.25,1758057326
UID_OK52uh59yc17Gg38pe,A,question_id_1,D,D,D,21:24:00 16.09.25,1758057840
UID_OK52uh59yc17Gg38pe,A,facesSlider_question_id_1_rating,3,,,21:24:06 16.09.25,1758057846
UID_OK52uh59yc17Gg38pe,A,question_id_5,B,A,A,21:24:45 16.09.25,1758057885
UID_OK52uh59yc17Gg38pe,A,facesSlider_question_id_5_rating,2,,,21:24:48 16.09.25,1758057888
UID_OK52uh59yc17Gg38pe,A,question_id_11,D,A,A,21:25:10 16.09.25,1758057910
UID_OK52uh59yc17Gg38pe,A,facesSlider_question_id_11_rating,3,,,21:25:12 16.09.25,1758057912
UID_OK52uh59yc17Gg38pe,A,question_id_12,D,A,D,21:31:47 16.09.25,1758058307
UID_OK52uh59yc17Gg38pe,A,facesSlider_question_id_12_rating,2,,,21:31:49 16.09.25,1758058309
UID_OK52uh59yc17Gg38pe,A,question_id_17,D,C,A,21:32:18 16.09.25,1758058338
UID_OK52uh59yc17Gg38pe,A,facesSlider_question_id_17_rating,2,,,21:32:21 16.09.25,1758058341
UID_OK52uh59yc17Gg38pe,A,question_id_22,A,B,D,21:34:32 16.09.25,1758058472
UID_OK52uh59yc17Gg38pe,A,facesSlider_question_id_22_rating,3,,,21:34:35 16.09.25,1758058475
UID_OK52uh59yc17Gg38pe,A,question_id_3,D,A,A,21:35:01 16.09.25,1758058501
UID_OK52uh59yc17Gg38pe,A,facesSlider_question_id_3_rating,2,,,21:35:05 16.09.25,1758058505
UID_OK52uh59yc17Gg38pe,A,question_id_20,A,B,B,21:35:55 16.09.25,1758058555
UID_OK52uh59yc17Gg38pe,A,facesSlider_question_id_20_rating,3,,,21:35:57 16.09.25,1758058557
UID_OK52uh59yc17Gg38pe,A,facesSlider_block_end_questionnaire_explanation_ONLY_PREDICTION_question_1,2,,,21:36:01 16.09.25,1758058561
UID_OK52uh59yc17Gg38pe,A,facesSlider_block_end_questionnaire_explanation_ONLY_PREDICTION_question_2,2,,,21:36:05 16.09.25,1758058565
UID_OK52uh59yc17Gg38pe,A,facesSlider_block_end_questionnaire_explanation_ONLY_PREDICTION_question_3,2,,,21:36:07 16.09.25,1758058567
UID_CQ55id42YA22Bu97pp,B,question_id_3,A,A,A,22:32:32 16.09.25,1758061952
UID_CQ55id42YA22Bu97pp,B,facesSlider_question_id_3_rating,4,,,22:32:35 16.09.25,1758061955
UID_CQ55id42YA22Bu97pp,B,question_id_4,A,A,D,22:33:19 16.09.25,1758061999
UID_CQ55id42YA22Bu97pp,B,facesSlider_question_id_4_rating,5,,,22:33:22 16.09.25,1758062002
UID_CQ55id42YA22Bu97pp,B,question_id_12,A,A,D,22:34:24 16.09.25,1758062064
UID_CQ55id42YA22Bu97pp,B,facesSlider_question_id_12_rating,5,,,22:34:28 16.09.25,1758062068
UID_CQ55id42YA22Bu97pp,B,question_id_22,B,B,D,22:34:58 16.09.25,1758062098
UID_CQ55id42YA22Bu97pp,B,question_id_22,B,B,D,22:34:58 16.09.25,1758062098
UID_CQ55id42YA22Bu97pp,B,facesSlider_question_id_22_rating,5,,,22:35:08 16.09.25,1758062108
UID_CQ55id42YA22Bu97pp,B,question_id_5,A,A,A,22:35:35 16.09.25,1758062135
UID_CQ55id42YA22Bu97pp,B,facesSlider_question_id_5_rating,5,,,22:35:37 16.09.25,1758062137
UID_CQ55id42YA22Bu97pp,B,question_id_11,A,A,A,22:36:09 16.09.25,1758062169
UID_CQ55id42YA22Bu97pp,B,facesSlider_question_id_11_rating,5,,,22:36:11 16.09.25,1758062171
UID_CQ55id42YA22Bu97pp,B,question_id_20,B,B,B,22:37:11 16.09.25,1758062231
UID_CQ55id42YA22Bu97pp,B,facesSlider_question_id_20_rating,3,,,22:37:14 16.09.25,1758062234
UID_CQ55id42YA22Bu97pp,B,question_id_1,D,D,D,22:37:41 16.09.25,1758062261
UID_CQ55id42YA22Bu97pp,B,facesSlider_question_id_1_rating,5,,,22:37:42 16.09.25,1758062262
UID_CQ55id42YA22Bu97pp,B,question_id_17,C,C,A,22:38:25 16.09.25,1758062305
UID_CQ55id42YA22Bu97pp,B,facesSlider_question_id_17_rating,3,,,22:38:29 16.09.25,1758062309
UID_CQ55id42YA22Bu97pp,B,question_id_15,C,C,C,22:40:01 16.09.25,1758062401
UID_CQ55id42YA22Bu97pp,B,facesSlider_question_id_15_rating,2,,,22:40:04 16.09.25,1758062404
UID_CQ55id42YA22Bu97pp,B,facesSlider_block_end_questionnaire_explanation_LLM_EXPLANATION_question_1,4,,,22:40:10 16.09.25,1758062410
UID_CQ55id42YA22Bu97pp,B,facesSlider_block_end_questionnaire_explanation_LLM_EXPLANATION_question_2,4,,,22:40:15 16.09.25,1758062415
UID_CQ55id42YA22Bu97pp,B,facesSlider_block_end_questionnaire_explanation_LLM_EXPLANATION_question_3,3,,,22:40:22 16.09.25,1758062422
UID_rG08eO82Em45tY61kJ,C,question_id_4,A,A,D,22:58:32 16.09.25,1758063512
UID_rG08eO82Em45tY61kJ,C,facesSlider_question_id_4_rating,4,,,22:58:37 16.09.25,1758063517
UID_rG08eO82Em45tY61kJ,C,question_id_1,D,D,D,23:00:57 16.09.25,1758063657
UID_rG08eO82Em45tY61kJ,C,facesSlider_question_id_1_rating,5,,,23:01:00 16.09.25,1758063660
UID_rG08eO82Em45tY61kJ,C,question_id_12,A,A,D,23:02:52 16.09.25,1758063772
UID_rG08eO82Em45tY61kJ,C,facesSlider_question_id_12_rating,5,,,23:02:55 16.09.25,1758063775
UID_rG08eO82Em45tY61kJ,C,question_id_11,A,A,A,23:03:39 16.09.25,1758063819
UID_rG08eO82Em45tY61kJ,C,facesSlider_question_id_11_rating,5,,,23:03:41 16.09.25,1758063821
UID_rG08eO82Em45tY61kJ,C,question_id_22,B,B,D,23:04:45 16.09.25,1758063885
UID_rG08eO82Em45tY61kJ,C,facesSlider_question_id_22_rating,5,,,23:04:47 16.09.25,1758063887
UID_rG08eO82Em45tY61kJ,C,question_id_17,C,C,A,23:15:07 16.09.25,1758064507
UID_rG08eO82Em45tY61kJ,C,facesSlider_question_id_17_rating,5,,,23:15:10 16.09.25,1758064510
UID_rG08eO82Em45tY61kJ,C,question_id_15,C,C,C,23:15:49 16.09.25,1758064549
UID_rG08eO82Em45tY61kJ,C,facesSlider_question_id_15_rating,5,,,23:15:51 16.09.25,1758064551
UID_rG08eO82Em45tY61kJ,C,question_id_20,B,B,B,23:16:22 16.09.25,1758064582
UID_rG08eO82Em45tY61kJ,C,facesSlider_question_id_20_rating,5,,,23:16:25 16.09.25,1758064585
UID_rG08eO82Em45tY61kJ,C,question_id_3,A,A,A,23:16:47 16.09.25,1758064607
UID_rG08eO82Em45tY61kJ,C,facesSlider_question_id_3_rating,5,,,23:16:50 16.09.25,1758064610
UID_rG08eO82Em45tY61kJ,C,question_id_5,A,A,A,23:17:13 16.09.25,1758064633
UID_rG08eO82Em45tY61kJ,C,facesSlider_question_id_5_rating,4,,,23:17:15 16.09.25,1758064635
UID_rG08eO82Em45tY61kJ,C,facesSlider_block_end_questionnaire_explanation_OTHER_EXPLANATION_question_1,4,,,23:17:21 16.09.25,1758064641
UID_rG08eO82Em45tY61kJ,C,facesSlider_block_end_questionnaire_explanation_OTHER_EXPLANATION_question_2,5,,,23:17:32 16.09.25,1758064652
UID_rG08eO82Em45tY61kJ,C,facesSlider_block_end_questionnaire_explanation_OTHER_EXPLANATION_question_3,5,,,23:17:37 16.09.25,1758064657
UID_lZ99Om05Aw28dC75VO,D,question_id_15,C,C,C,00:12:29 17.09.25,1758067949
UID_lZ99Om05Aw28dC75VO,D,facesSlider_question_id_15_rating,5,,,00:12:33 17.09.25,1758067953
UID_lZ99Om05Aw28dC75VO,D,question_id_4,A,A,D,00:13:28 17.09.25,1758068008
UID_lZ99Om05Aw28dC75VO,D,facesSlider_question_id_4_rating,1,,,00:13:31 17.09.25,1758068011
UID_lZ99Om05Aw28dC75VO,D,question_id_3,A,A,A,00:14:51 17.09.25,1758068091
UID_lZ99Om05Aw28dC75VO,D,facesSlider_question_id_3_rating,1,,,00:14:53 17.09.25,1758068093
UID_lZ99Om05Aw28dC75VO,D,question_id_17,C,C,A,00:15:11 17.09.25,1758068111
UID_lZ99Om05Aw28dC75VO,D,facesSlider_question_id_17_rating,5,,,00:15:14 17.09.25,1758068114
UID_lZ99Om05Aw28dC75VO,D,question_id_12,A,A,D,00:16:24 17.09.25,1758068184
UID_lZ99Om05Aw28dC75VO,D,facesSlider_question_id_12_rating,3,,,00:16:27 17.09.25,1758068187
UID_lZ99Om05Aw28dC75VO,D,question_id_22,B,B,D,00:16:46 17.09.25,1758068206
UID_lZ99Om05Aw28dC75VO,D,facesSlider_question_id_22_rating,3,,,00:16:50 17.09.25,1758068210
UID_lZ99Om05Aw28dC75VO,D,question_id_11,A,A,A,00:17:00 17.09.25,1758068220
UID_lZ99Om05Aw28dC75VO,D,facesSlider_question_id_11_rating,3,,,00:17:05 17.09.25,1758068225
UID_lZ99Om05Aw28dC75VO,D,question_id_5,A,A,A,00:17:37 17.09.25,1758068257
UID_lZ99Om05Aw28dC75VO,D,facesSlider_question_id_5_rating,3,,,00:17:45 17.09.25,1758068265
UID_lZ99Om05Aw28dC75VO,D,question_id_1,D,D,D,00:18:08 17.09.25,1758068288
UID_lZ99Om05Aw28dC75VO,D,facesSlider_question_id_1_rating,3,,,00:19:16 17.09.25,1758068356
UID_lZ99Om05Aw28dC75VO,D,question_id_20,B,B,B,00:19:40 17.09.25,1758068380
UID_lZ99Om05Aw28dC75VO,D,facesSlider_question_id_20_rating,3,,,00:19:44 17.09.25,1758068384
UID_lZ99Om05Aw28dC75VO,D,facesSlider_block_end_questionnaire_explanation_PREDICTION_WITH_CONFIDENCE_question_1,1,,,00:20:36 17.09.25,1758068436
UID_lZ99Om05Aw28dC75VO,D,facesSlider_block_end_questionnaire_explanation_PREDICTION_WITH_CONFIDENCE_question_2,1,,,00:20:41 17.09.25,1758068441
UID_lZ99Om05Aw28dC75VO,D,facesSlider_block_end_questionnaire_explanation_PREDICTION_WITH_CONFIDENCE_question_3,3,,,00:21:18 17.09.25,1758068478
UID_Op14Zg81Cu60eo02dG,A,question_id_1,D,D,D,00:25:18 17.09.25,1758068718
UID_Op14Zg81Cu60eo02dG,A,facesSlider_question_id_1_rating,4,,,00:25:23 17.09.25,1758068723
UID_Op14Zg81Cu60eo02dG,A,question_id_11,A,A,A,00:27:16 17.09.25,1758068836
UID_Op14Zg81Cu60eo02dG,A,facesSlider_question_id_11_rating,4,,,00:27:19 17.09.25,1758068839
UID_Op14Zg81Cu60eo02dG,A,question_id_4,A,A,D,00:29:15 17.09.25,1758068955
UID_Op14Zg81Cu60eo02dG,A,facesSlider_question_id_4_rating,4,,,00:29:18 17.09.25,1758068958
UID_Op14Zg81Cu60eo02dG,A,question_id_15,C,C,C,00:31:09 17.09.25,1758069069
UID_Op14Zg81Cu60eo02dG,A,facesSlider_question_id_15_rating,4,,,00:31:13 17.09.25,1758069073
UID_Op14Zg81Cu60eo02dG,A,question_id_22,B,B,D,00:31:56 17.09.25,1758069116
UID_Op14Zg81Cu60eo02dG,A,facesSlider_question_id_22_rating,5,,,00:31:58 17.09.25,1758069118
UID_Op14Zg81Cu60eo02dG,A,question_id_20,B,B,B,00:37:38 17.09.25,1758069458
UID_Op14Zg81Cu60eo02dG,A,facesSlider_question_id_20_rating,4,,,00:37:40 17.09.25,1758069460
UID_Op14Zg81Cu60eo02dG,A,question_id_17,C,C,A,00:41:48 17.09.25,1758069708
UID_Op14Zg81Cu60eo02dG,A,facesSlider_question_id_17_rating,4,,,00:41:51 17.09.25,1758069711
UID_Op14Zg81Cu60eo02dG,A,question_id_3,A,A,A,00:43:44 17.09.25,1758069824
UID_Op14Zg81Cu60eo02dG,A,facesSlider_question_id_3_rating,5,,,00:43:46 17.09.25,1758069826
UID_Op14Zg81Cu60eo02dG,A,question_id_5,A,A,A,00:45:44 17.09.25,1758069944
UID_Op14Zg81Cu60eo02dG,A,facesSlider_question_id_5_rating,4,,,00:45:47 17.09.25,1758069947
UID_Op14Zg81Cu60eo02dG,A,question_id_12,B,A,D,00:48:06 17.09.25,1758070086
UID_Op14Zg81Cu60eo02dG,A,facesSlider_question_id_12_rating,3,,,00:48:08 17.09.25,1758070088
UID_Op14Zg81Cu60eo02dG,A,facesSlider_block_end_questionnaire_explanation_ONLY_PREDICTION_question_1,2,,,00:48:22 17.09.25,1758070102
UID_Op14Zg81Cu60eo02dG,A,facesSlider_block_end_questionnaire_explanation_ONLY_PREDICTION_question_2,3,,,00:48:33 17.09.25,1758070113
UID_Op14Zg81Cu60eo02dG,A,facesSlider_block_end_questionnaire_explanation_ONLY_PREDICTION_question_3,4,,,00:48:46 17.09.25,1758070126
UID_pT31JK49dd29dQ77Fc,B,question_id_20,B,B,B,02:49:01 25.09.25,1758768541
UID_pT31JK49dd29dQ77Fc,B,facesSlider_question_id_20_rating,4,,,02:49:08 25.09.25,1758768548
UID_pT31JK49dd29dQ77Fc,B,question_id_1,D,D,D,02:50:10 25.09.25,1758768610
UID_pT31JK49dd29dQ77Fc,B,facesSlider_question_id_1_rating,5,,,02:50:12 25.09.25,1758768612
UID_pT31JK49dd29dQ77Fc,B,question_id_11,A,A,A,02:51:18 25.09.25,1758768678
UID_pT31JK49dd29dQ77Fc,B,facesSlider_question_id_11_rating,4,,,02:51:21 25.09.25,1758768681
UID_pT31JK49dd29dQ77Fc,B,question_id_5,C,A,A,02:52:33 25.09.25,1758768753
UID_pT31JK49dd29dQ77Fc,B,facesSlider_question_id_5_rating,3,,,02:52:35 25.09.25,1758768755
UID_pT31JK49dd29dQ77Fc,B,question_id_22,B,B,D,02:53:22 25.09.25,1758768802
UID_pT31JK49dd29dQ77Fc,B,facesSlider_question_id_22_rating,4,,,02:53:23 25.09.25,1758768803
UID_pT31JK49dd29dQ77Fc,B,question_id_4,A,A,D,02:54:19 25.09.25,1758768859
UID_pT31JK49dd29dQ77Fc,B,facesSlider_question_id_4_rating,5,,,02:54:23 25.09.25,1758768863
UID_pT31JK49dd29dQ77Fc,B,question_id_3,A,A,A,02:55:15 25.09.25,1758768915
UID_pT31JK49dd29dQ77Fc,B,facesSlider_question_id_3_rating,4,,,02:55:18 25.09.25,1758768918
UID_pT31JK49dd29dQ77Fc,B,question_id_17,C,C,A,02:56:26 25.09.25,1758768986
UID_pT31JK49dd29dQ77Fc,B,facesSlider_question_id_17_rating,4,,,02:56:29 25.09.25,1758768989
UID_pT31JK49dd29dQ77Fc,B,question_id_12,D,A,D,02:57:43 25.09.25,1758769063
UID_pT31JK49dd29dQ77Fc,B,facesSlider_question_id_12_rating,4,,,02:57:45 25.09.25,1758769065
UID_pT31JK49dd29dQ77Fc,B,question_id_15,C,C,C,02:58:47 25.09.25,1758769127
UID_pT31JK49dd29dQ77Fc,B,facesSlider_question_id_15_rating,3,,,02:58:49 25.09.25,1758769129
UID_pT31JK49dd29dQ77Fc,B,facesSlider_block_end_questionnaire_explanation_LLM_EXPLANATION_question_1,4,,,02:58:55 25.09.25,1758769135
UID_pT31JK49dd29dQ77Fc,B,facesSlider_block_end_questionnaire_explanation_LLM_EXPLANATION_question_2,4,,,02:59:02 25.09.25,1758769142
UID_pT31JK49dd29dQ77Fc,B,facesSlider_block_end_questionnaire_explanation_LLM_EXPLANATION_question_3,3,,,02:59:08 25.09.25,1758769148
UID_LC34wX85kB05oR78lK,C,question_id_5,A,A,A,01:30:52 26.09.25,1758850252
UID_LC34wX85kB05oR78lK,C,facesSlider_question_id_5_rating,4,,,01:30:57 26.09.25,1758850257
UID_LC34wX85kB05oR78lK,C,question_id_4,B,A,D,01:32:45 26.09.25,1758850365
UID_LC34wX85kB05oR78lK,C,facesSlider_question_id_4_rating,3,,,01:32:50 26.09.25,1758850370
UID_LC34wX85kB05oR78lK,C,question_id_17,C,C,A,01:35:07 26.09.25,1758850507
UID_LC34wX85kB05oR78lK,C,facesSlider_question_id_17_rating,4,,,01:35:12 26.09.25,1758850512
UID_LC34wX85kB05oR78lK,C,question_id_3,D,A,A,01:37:07 26.09.25,1758850627
UID_LC34wX85kB05oR78lK,C,facesSlider_question_id_3_rating,4,,,01:37:09 26.09.25,1758850629
UID_LC34wX85kB05oR78lK,C,question_id_1,D,D,D,01:38:01 26.09.25,1758850681
UID_LC34wX85kB05oR78lK,C,facesSlider_question_id_1_rating,5,,,01:38:05 26.09.25,1758850685
UID_LC34wX85kB05oR78lK,C,question_id_22,D,B,D,01:40:04 26.09.25,1758850804
UID_LC34wX85kB05oR78lK,C,facesSlider_question_id_22_rating,3,,,01:40:07 26.09.25,1758850807
UID_LC34wX85kB05oR78lK,C,question_id_11,A,A,A,01:41:25 26.09.25,1758850885
UID_LC34wX85kB05oR78lK,C,facesSlider_question_id_11_rating,4,,,01:41:27 26.09.25,1758850887
UID_LC34wX85kB05oR78lK,C,question_id_12,A,A,D,01:43:05 26.09.25,1758850985
UID_LC34wX85kB05oR78lK,C,facesSlider_question_id_12_rating,4,,,01:43:07 26.09.25,1758850987
UID_LC34wX85kB05oR78lK,C,question_id_15,C,C,C,01:45:24 26.09.25,1758851124
UID_LC34wX85kB05oR78lK,C,facesSlider_question_id_15_rating,4,,,01:45:26 26.09.25,1758851126
UID_LC34wX85kB05oR78lK,C,question_id_20,D,B,B,01:48:29 26.09.25,1758851309
UID_LC34wX85kB05oR78lK,C,facesSlider_question_id_20_rating,3,,,01:48:32 26.09.25,1758851312
UID_LC34wX85kB05oR78lK,C,facesSlider_block_end_questionnaire_explanation_OTHER_EXPLANATION_question_1,4,,,01:48:51 26.09.25,1758851331
UID_LC34wX85kB05oR78lK,C,facesSlider_block_end_questionnaire_explanation_OTHER_EXPLANATION_question_2,3,,,01:49:06 26.09.25,1758851346
UID_LC34wX85kB05oR78lK,C,facesSlider_block_end_questionnaire_explanation_OTHER_EXPLANATION_question_3,4,,,01:49:13 26.09.25,1758851353
UID_pC09RY22rU75HT50pE,D,question_id_11,A,A,A,09:52:18 30.09.25,1759225938
UID_pC09RY22rU75HT50pE,D,facesSlider_question_id_11_rating,4,,,09:52:24 30.09.25,1759225944
UID_pC09RY22rU75HT50pE,D,question_id_17,A,C,A,09:54:04 30.09.25,1759226044
UID_pC09RY22rU75HT50pE,D,facesSlider_question_id_17_rating,3,,,09:54:08 30.09.25,1759226048
UID_pC09RY22rU75HT50pE,D,question_id_20,C,B,B,09:56:59 30.09.25,1759226219
UID_pC09RY22rU75HT50pE,D,facesSlider_question_id_20_rating,4,,,09:57:03 30.09.25,1759226223
UID_pC09RY22rU75HT50pE,D,question_id_22,B,B,D,09:57:43 30.09.25,1759226263
UID_pC09RY22rU75HT50pE,D,facesSlider_question_id_22_rating,5,,,09:57:52 30.09.25,1759226272
UID_pC09RY22rU75HT50pE,D,question_id_4,A,A,D,09:58:58 30.09.25,1759226338
UID_pC09RY22rU75HT50pE,D,facesSlider_question_id_4_rating,4,,,09:59:02 30.09.25,1759226342
UID_pC09RY22rU75HT50pE,D,question_id_5,A,A,A,09:59:59 30.09.25,1759226399
UID_pC09RY22rU75HT50pE,D,facesSlider_question_id_5_rating,5,,,10:00:01 30.09.25,1759226401
UID_pC09RY22rU75HT50pE,D,question_id_12,B,A,D,10:01:25 30.09.25,1759226485
UID_pC09RY22rU75HT50pE,D,facesSlider_question_id_12_rating,5,,,10:01:28 30.09.25,1759226488
UID_pC09RY22rU75HT50pE,D,question_id_3,A,A,A,10:03:43 30.09.25,1759226623
UID_pC09RY22rU75HT50pE,D,facesSlider_question_id_3_rating,5,,,10:03:46 30.09.25,1759226626
UID_pC09RY22rU75HT50pE,D,question_id_15,C,C,C,10:04:49 30.09.25,1759226689
UID_pC09RY22rU75HT50pE,D,facesSlider_question_id_15_rating,5,,,10:04:52 30.09.25,1759226692
UID_pC09RY22rU75HT50pE,D,question_id_1,D,D,D,10:06:22 30.09.25,1759226782
UID_pC09RY22rU75HT50pE,D,facesSlider_question_id_1_rating,3,,,10:06:25 30.09.25,1759226785
UID_pC09RY22rU75HT50pE,D,facesSlider_block_end_questionnaire_explanation_PREDICTION_WITH_CONFIDENCE_question_1,2,,,10:06:50 30.09.25,1759226810
UID_pC09RY22rU75HT50pE,D,facesSlider_block_end_questionnaire_explanation_PREDICTION_WITH_CONFIDENCE_question_2,2,,,10:07:00 30.09.25,1759226820
UID_pC09RY22rU75HT50pE,D,facesSlider_block_end_questionnaire_explanation_PREDICTION_WITH_CONFIDENCE_question_3,2,,,10:07:11 30.09.25,1759226831
UID_IV46ki45Ns09xg99eK,A,question_id_15,C,C,C,11:03:15 30.09.25,1759230195
UID_IV46ki45Ns09xg99eK,A,facesSlider_question_id_15_rating,2,,,11:03:37 30.09.25,1759230217
UID_IV46ki45Ns09xg99eK,A,question_id_4,A,A,D,11:04:51 30.09.25,1759230291
UID_IV46ki45Ns09xg99eK,A,facesSlider_question_id_4_rating,5,,,11:04:55 30.09.25,1759230295
UID_IV46ki45Ns09xg99eK,A,question_id_1,D,D,D,11:06:20 30.09.25,1759230380
UID_IV46ki45Ns09xg99eK,A,facesSlider_question_id_1_rating,4,,,11:06:24 30.09.25,1759230384
UID_IV46ki45Ns09xg99eK,A,question_id_11,A,A,A,11:09:17 30.09.25,1759230557
UID_IV46ki45Ns09xg99eK,A,facesSlider_question_id_11_rating,5,,,11:09:20 30.09.25,1759230560
UID_IV46ki45Ns09xg99eK,A,question_id_3,A,A,A,11:13:52 30.09.25,1759230832
UID_IV46ki45Ns09xg99eK,A,facesSlider_question_id_3_rating,3,,,11:13:56 30.09.25,1759230836
UID_ab60IH48Gb39WA55eu,A,question_id_5,A,A,A,10:00:55 03.10.25,1759485655
UID_ab60IH48Gb39WA55eu,A,facesSlider_question_id_5_rating,4,,,10:00:58 03.10.25,1759485658
UID_ab60IH48Gb39WA55eu,A,question_id_17,C,C,A,10:01:03 03.10.25,1759485663
UID_ab60IH48Gb39WA55eu,A,facesSlider_question_id_17_rating,5,,,10:01:05 03.10.25,1759485665
UID_ab60IH48Gb39WA55eu,A,question_id_11,A,A,A,10:01:08 03.10.25,1759485668
UID_ab60IH48Gb39WA55eu,A,facesSlider_question_id_11_rating,5,,,10:01:11 03.10.25,1759485671
UID_ab60IH48Gb39WA55eu,A,question_id_1,D,D,D,10:01:15 03.10.25,1759485675
UID_ab60IH48Gb39WA55eu,A,facesSlider_question_id_1_rating,5,,,10:01:17 03.10.25,1759485677
UID_ab60IH48Gb39WA55eu,A,question_id_12,A,A,D,10:01:20 03.10.25,1759485680
UID_ab60IH48Gb39WA55eu,A,facesSlider_question_id_12_rating,5,,,10:01:25 03.10.25,1759485685
UID_ab60IH48Gb39WA55eu,A,question_id_4,A,A,D,10:01:28 03.10.25,1759485688
UID_ab60IH48Gb39WA55eu,A,facesSlider_question_id_4_rating,5,,,10:01:31 03.10.25,1759485691
UID_ab60IH48Gb39WA55eu,A,question_id_15,C,C,C,10:01:35 03.10.25,1759485695
UID_ab60IH48Gb39WA55eu,A,facesSlider_question_id_15_rating,5,,,10:01:37 03.10.25,1759485697
UID_ab60IH48Gb39WA55eu,A,question_id_20,B,B,B,10:01:41 03.10.25,1759485701
UID_ab60IH48Gb39WA55eu,A,facesSlider_question_id_20_rating,5,,,10:01:44 03.10.25,1759485704
UID_ab60IH48Gb39WA55eu,A,question_id_3,A,A,A,10:01:47 03.10.25,1759485707
UID_ab60IH48Gb39WA55eu,A,facesSlider_question_id_3_rating,1,,,10:01:50 03.10.25,1759485710
UID_ab60IH48Gb39WA55eu,A,question_id_22,B,B,D,10:01:54 03.10.25,1759485714
UID_ab60IH48Gb39WA55eu,A,facesSlider_question_id_22_rating,5,,,10:01:57 03.10.25,1759485717
UID_ab60IH48Gb39WA55eu,A,facesSlider_block_end_questionnaire_explanation_ONLY_PREDICTION_question_1,5,,,10:02:00 03.10.25,1759485720
UID_ab60IH48Gb39WA55eu,A,facesSlider_block_end_questionnaire_explanation_ONLY_PREDICTION_question_2,3,,,10:02:03 03.10.25,1759485723
UID_ab60IH48Gb39WA55eu,A,facesSlider_block_end_questionnaire_explanation_ONLY_PREDICTION_question_3,5,,,10:02:05 03.10.25,1759485725
UID_sl03tl00xA53dG47Ad,B,question_id_4,A,A,D,13:52:52 03.10.25,1759499572
UID_sl03tl00xA53dG47Ad,B,facesSlider_question_id_4_rating,4,,,13:52:56 03.10.25,1759499576
UID_sl03tl00xA53dG47Ad,B,question_id_15,C,C,C,13:57:06 03.10.25,1759499826
UID_sl03tl00xA53dG47Ad,B,facesSlider_question_id_15_rating,5,,,13:57:34 03.10.25,1759499854
UID_sl03tl00xA53dG47Ad,B,question_id_3,D,A,A,14:00:12 03.10.25,1759500012
UID_sl03tl00xA53dG47Ad,B,facesSlider_question_id_3_rating,3,,,14:00:16 03.10.25,1759500016
UID_sl03tl00xA53dG47Ad,B,question_id_17,C,C,A,14:02:41 03.10.25,1759500161
UID_sl03tl00xA53dG47Ad,B,facesSlider_question_id_17_rating,4,,,14:02:44 03.10.25,1759500164
UID_sl03tl00xA53dG47Ad,B,question_id_12,A,A,D,14:04:17 03.10.25,1759500257
UID_sl03tl00xA53dG47Ad,B,facesSlider_question_id_12_rating,5,,,14:04:19 03.10.25,1759500259
UID_sl03tl00xA53dG47Ad,B,question_id_1,D,D,D,14:09:03 03.10.25,1759500543
UID_sl03tl00xA53dG47Ad,B,facesSlider_question_id_1_rating,4,,,14:09:05 03.10.25,1759500545
UID_sl03tl00xA53dG47Ad,B,question_id_11,A,A,A,14:11:11 03.10.25,1759500671
UID_sl03tl00xA53dG47Ad,B,facesSlider_question_id_11_rating,4,,,14:11:13 03.10.25,1759500673
UID_sl03tl00xA53dG47Ad,B,question_id_22,B,B,D,14:12:33 03.10.25,1759500753
UID_sl03tl00xA53dG47Ad,B,facesSlider_question_id_22_rating,5,,,14:12:35 03.10.25,1759500755
UID_sl03tl00xA53dG47Ad,B,question_id_5,C,A,A,14:13:21 03.10.25,1759500801
UID_sl03tl00xA53dG47Ad,B,facesSlider_question_id_5_rating,4,,,14:13:24 03.10.25,1759500804
UID_sl03tl00xA53dG47Ad,B,question_id_20,B,B,B,14:14:29 03.10.25,1759500869
UID_sl03tl00xA53dG47Ad,B,facesSlider_question_id_20_rating,4,,,14:14:32 03.10.25,1759500872
UID_sl03tl00xA53dG47Ad,B,facesSlider_block_end_questionnaire_explanation_LLM_EXPLANATION_question_1,5,,,14:14:41 03.10.25,1759500881
UID_sl03tl00xA53dG47Ad,B,facesSlider_block_end_questionnaire_explanation_LLM_EXPLANATION_question_2,4,,,14:14:56 03.10.25,1759500896
UID_sl03tl00xA53dG47Ad,B,facesSlider_block_end_questionnaire_explanation_LLM_EXPLANATION_question_3,5,,,14:15:04 03.10.25,1759500904
UID_Mr19Ag83hs40Ww88Ss,C,question_id_20,B,B,B,14:16:21 04.10.25,1759587381
UID_Mr19Ag83hs40Ww88Ss,C,facesSlider_question_id_20_rating,5,,,14:16:28 04.10.25,1759587388
UID_Mr19Ag83hs40Ww88Ss,C,question_id_17,D,C,A,14:18:31 04.10.25,1759587511
UID_Mr19Ag83hs40Ww88Ss,C,facesSlider_question_id_17_rating,4,,,14:18:35 04.10.25,1759587515
UID_Mr19Ag83hs40Ww88Ss,C,question_id_4,D,A,D,14:27:11 04.10.25,1759588031
UID_Mr19Ag83hs40Ww88Ss,C,facesSlider_question_id_4_rating,4,,,14:27:14 04.10.25,1759588034
UID_Mr19Ag83hs40Ww88Ss,C,question_id_3,A,A,A,14:29:21 04.10.25,1759588161
UID_Mr19Ag83hs40Ww88Ss,C,facesSlider_question_id_3_rating,4,,,14:29:24 04.10.25,1759588164
UID_Mr19Ag83hs40Ww88Ss,C,question_id_15,C,C,C,14:31:31 04.10.25,1759588291
UID_Mr19Ag83hs40Ww88Ss,C,facesSlider_question_id_15_rating,4,,,14:31:35 04.10.25,1759588295
UID_Mr19Ag83hs40Ww88Ss,C,question_id_22,B,B,D,14:32:56 04.10.25,1759588376
UID_Mr19Ag83hs40Ww88Ss,C,facesSlider_question_id_22_rating,5,,,14:32:59 04.10.25,1759588379
UID_Mr19Ag83hs40Ww88Ss,C,question_id_12,A,A,D,14:34:28 04.10.25,1759588468
UID_Mr19Ag83hs40Ww88Ss,C,facesSlider_question_id_12_rating,4,,,14:34:30 04.10.25,1759588470
UID_Mr19Ag83hs40Ww88Ss,C,question_id_1,D,D,D,14:35:17 04.10.25,1759588517
UID_Mr19Ag83hs40Ww88Ss,C,facesSlider_question_id_1_rating,5,,,14:35:20 04.10.25,1759588520
UID_Mr19Ag83hs40Ww88Ss,C,question_id_11,A,A,A,14:36:49 04.10.25,1759588609
UID_Mr19Ag83hs40Ww88Ss,C,facesSlider_question_id_11_rating,5,,,14:36:52 04.10.25,1759588612
UID_Mr19Ag83hs40Ww88Ss,C,question_id_5,C,A,A,14:37:56 04.10.25,1759588676
UID_Mr19Ag83hs40Ww88Ss,C,facesSlider_question_id_5_rating,4,,,14:37:59 04.10.25,1759588679
UID_Mr19Ag83hs40Ww88Ss,C,facesSlider_block_end_questionnaire_explanation_OTHER_EXPLANATION_question_1,3,,,14:38:15 04.10.25,1759588695
UID_Mr19Ag83hs40Ww88Ss,C,facesSlider_block_end_questionnaire_explanation_OTHER_EXPLANATION_question_2,4,,,14:38:26 04.10.25,1759588706
UID_Mr19Ag83hs40Ww88Ss,C,facesSlider_block_end_questionnaire_explanation_OTHER_EXPLANATION_question_3,3,,,14:38:34 04.10.25,1759588714
UID_dq11Qq12gf39rm62MI,D,question_id_3,A,A,A,17:47:18 04.10.25,1759600038
UID_dq11Qq12gf39rm62MI,D,facesSlider_question_id_3_rating,4,,,17:47:22 04.10.25,1759600042
UID_dq11Qq12gf39rm62MI,D,question_id_17,C,C,A,17:48:52 04.10.25,1759600132
UID_dq11Qq12gf39rm62MI,D,facesSlider_question_id_17_rating,3,,,17:48:55 04.10.25,1759600135
UID_dq11Qq12gf39rm62MI,D,question_id_5,A,A,A,17:50:36 04.10.25,1759600236
UID_dq11Qq12gf39rm62MI,D,facesSlider_question_id_5_rating,4,,,17:50:39 04.10.25,1759600239
UID_dq11Qq12gf39rm62MI,D,question_id_12,A,A,D,17:51:45 04.10.25,1759600305
UID_dq11Qq12gf39rm62MI,D,facesSlider_question_id_12_rating,2,,,17:51:49 04.10.25,1759600309
UID_dq11Qq12gf39rm62MI,D,question_id_4,A,A,D,17:52:40 04.10.25,1759600360
UID_dq11Qq12gf39rm62MI,D,facesSlider_question_id_4_rating,3,,,17:52:42 04.10.25,1759600362
UID_dq11Qq12gf39rm62MI,D,question_id_15,C,C,C,17:53:22 04.10.25,1759600402
UID_dq11Qq12gf39rm62MI,D,facesSlider_question_id_15_rating,4,,,17:53:30 04.10.25,1759600410
UID_dq11Qq12gf39rm62MI,D,question_id_1,D,D,D,17:54:19 04.10.25,1759600459
UID_dq11Qq12gf39rm62MI,D,facesSlider_question_id_1_rating,5,,,17:54:21 04.10.25,1759600461
UID_dq11Qq12gf39rm62MI,D,question_id_11,A,A,A,17:54:57 04.10.25,1759600497
UID_dq11Qq12gf39rm62MI,D,facesSlider_question_id_11_rating,5,,,17:54:59 04.10.25,1759600499
UID_dq11Qq12gf39rm62MI,D,question_id_22,D,B,D,17:56:13 04.10.25,1759600573
UID_dq11Qq12gf39rm62MI,D,facesSlider_question_id_22_rating,4,,,17:56:16 04.10.25,1759600576
UID_dq11Qq12gf39rm62MI,D,question_id_20,B,B,B,17:58:35 04.10.25,1759600715
UID_dq11Qq12gf39rm62MI,D,facesSlider_question_id_20_rating,5,,,17:58:38 04.10.25,1759600718
UID_dq11Qq12gf39rm62MI,D,facesSlider_block_end_questionnaire_explanation_PREDICTION_WITH_CONFIDENCE_question_1,1,,,17:58:49 04.10.25,1759600729
UID_dq11Qq12gf39rm62MI,D,facesSlider_block_end_questionnaire_explanation_PREDICTION_WITH_CONFIDENCE_question_2,3,,,17:58:58 04.10.25,1759600738
UID_dq11Qq12gf39rm62MI,D,facesSlider_block_end_questionnaire_explanation_PREDICTION_WITH_CONFIDENCE_question_3,4,,,17:59:06 04.10.25,1759600746
UID_tS40Mq77cQ54TK32dV,A,question_id_4,A,A,D,16:32:35 05.10.25,1759681955
UID_tS40Mq77cQ54TK32dV,A,facesSlider_question_id_4_rating,4,,,16:32:39 05.10.25,1759681959
UID_tS40Mq77cQ54TK32dV,A,question_id_15,C,C,C,16:35:23 05.10.25,1759682123
UID_tS40Mq77cQ54TK32dV,A,facesSlider_question_id_15_rating,3,,,16:35:26 05.10.25,1759682126
UID_tS40Mq77cQ54TK32dV,A,question_id_11,A,A,A,16:36:23 05.10.25,1759682183
UID_tS40Mq77cQ54TK32dV,A,facesSlider_question_id_11_rating,5,,,16:36:27 05.10.25,1759682187
UID_tS40Mq77cQ54TK32dV,A,question_id_17,C,C,A,16:38:27 05.10.25,1759682307
UID_tS40Mq77cQ54TK32dV,A,facesSlider_question_id_17_rating,4,,,16:38:29 05.10.25,1759682309
UID_tS40Mq77cQ54TK32dV,A,question_id_3,D,A,A,16:41:07 05.10.25,1759682467
UID_tS40Mq77cQ54TK32dV,A,facesSlider_question_id_3_rating,4,,,16:41:09 05.10.25,1759682469
UID_tS40Mq77cQ54TK32dV,A,question_id_12,A,A,D,16:42:41 05.10.25,1759682561
UID_tS40Mq77cQ54TK32dV,A,facesSlider_question_id_12_rating,4,,,16:42:43 05.10.25,1759682563
UID_tS40Mq77cQ54TK32dV,A,question_id_1,D,D,D,16:44:18 05.10.25,1759682658
UID_tS40Mq77cQ54TK32dV,A,facesSlider_question_id_1_rating,4,,,16:44:20 05.10.25,1759682660
UID_tS40Mq77cQ54TK32dV,A,question_id_5,A,A,A,16:44:55 05.10.25,1759682695
UID_tS40Mq77cQ54TK32dV,A,facesSlider_question_id_5_rating,5,,,16:44:57 05.10.25,1759682697
UID_tS40Mq77cQ54TK32dV,A,question_id_20,B,B,B,16:50:25 05.10.25,1759683025
UID_tS40Mq77cQ54TK32dV,A,facesSlider_question_id_20_rating,3,,,16:50:32 05.10.25,1759683032
UID_tS40Mq77cQ54TK32dV,A,question_id_22,D,B,D,16:51:51 05.10.25,1759683111
UID_tS40Mq77cQ54TK32dV,A,facesSlider_question_id_22_rating,4,,,16:51:53 05.10.25,1759683113
UID_tS40Mq77cQ54TK32dV,A,facesSlider_block_end_questionnaire_explanation_ONLY_PREDICTION_question_1,5,,,16:52:26 05.10.25,1759683146
UID_tS40Mq77cQ54TK32dV,A,facesSlider_block_end_questionnaire_explanation_ONLY_PREDICTION_question_2,4,,,16:52:43 05.10.25,1759683163
UID_tS40Mq77cQ54TK32dV,A,facesSlider_block_end_questionnaire_explanation_ONLY_PREDICTION_question_3,4,,,16:52:51 05.10.25,1759683171
UID_qG24UT89rb01jB93TU,B,question_id_12,A,A,D,17:32:38 05.10.25,1759685558
UID_qG24UT89rb01jB93TU,B,facesSlider_question_id_12_rating,4,,,17:32:50 05.10.25,1759685570
UID_qG24UT89rb01jB93TU,B,question_id_5,A,A,A,17:34:54 05.10.25,1759685694
UID_qG24UT89rb01jB93TU,B,facesSlider_question_id_5_rating,5,,,17:34:57 05.10.25,1759685697
UID_qG24UT89rb01jB93TU,B,question_id_20,B,B,B,17:36:31 05.10.25,1759685791
UID_qG24UT89rb01jB93TU,B,facesSlider_question_id_20_rating,2,,,17:36:34 05.10.25,1759685794
UID_qG24UT89rb01jB93TU,B,question_id_15,C,C,C,17:38:05 05.10.25,1759685885
UID_qG24UT89rb01jB93TU,B,facesSlider_question_id_15_rating,4,,,17:38:09 05.10.25,1759685889
UID_qG24UT89rb01jB93TU,B,question_id_1,D,D,D,17:39:27 05.10.25,1759685967
UID_qG24UT89rb01jB93TU,B,facesSlider_question_id_1_rating,1,,,17:39:32 05.10.25,1759685972
UID_qG24UT89rb01jB93TU,B,question_id_11,A,A,A,17:40:26 05.10.25,1759686026
UID_qG24UT89rb01jB93TU,B,facesSlider_question_id_11_rating,4,,,17:40:29 05.10.25,1759686029
UID_qG24UT89rb01jB93TU,B,question_id_22,D,B,D,17:41:53 05.10.25,1759686113
UID_qG24UT89rb01jB93TU,B,facesSlider_question_id_22_rating,3,,,17:41:55 05.10.25,1759686115
UID_qG24UT89rb01jB93TU,B,question_id_4,A,A,D,17:42:17 05.10.25,1759686137
UID_qG24UT89rb01jB93TU,B,facesSlider_question_id_4_rating,5,,,17:42:20 05.10.25,1759686140
UID_qG24UT89rb01jB93TU,B,question_id_17,C,C,A,17:42:56 05.10.25,1759686176
UID_qG24UT89rb01jB93TU,B,facesSlider_question_id_17_rating,5,,,17:42:59 05.10.25,1759686179
UID_qG24UT89rb01jB93TU,B,question_id_3,A,A,A,17:43:25 05.10.25,1759686205
UID_qG24UT89rb01jB93TU,B,facesSlider_question_id_3_rating,4,,,17:43:33 05.10.25,1759686213
UID_qG24UT89rb01jB93TU,B,facesSlider_block_end_questionnaire_explanation_LLM_EXPLANATION_question_1,5,,,17:43:54 05.10.25,1759686234
UID_qG24UT89rb01jB93TU,B,facesSlider_block_end_questionnaire_explanation_LLM_EXPLANATION_question_2,5,,,17:44:01 05.10.25,1759686241
UID_qG24UT89rb01jB93TU,B,facesSlider_block_end_questionnaire_explanation_LLM_EXPLANATION_question_3,5,,,17:44:08 05.10.25,1759686248
UID_pP56OU88PB03mL78ZL,C,question_id_4,A,A,D,18:39:05 05.10.25,1759689545
UID_pP56OU88PB03mL78ZL,C,facesSlider_question_id_4_rating,4,,,18:39:09 05.10.25,1759689549
UID_pP56OU88PB03mL78ZL,C,question_id_5,A,A,A,18:39:35 05.10.25,1759689575
UID_pP56OU88PB03mL78ZL,C,facesSlider_question_id_5_rating,4,,,18:39:37 05.10.25,1759689577
UID_pP56OU88PB03mL78ZL,C,question_id_17,C,C,A,18:40:19 05.10.25,1759689619
UID_pP56OU88PB03mL78ZL,C,facesSlider_question_id_17_rating,3,,,18:40:22 05.10.25,1759689622
UID_pP56OU88PB03mL78ZL,C,question_id_11,A,A,A,18:40:43 05.10.25,1759689643
UID_pP56OU88PB03mL78ZL,C,facesSlider_question_id_11_rating,2,,,18:40:45 05.10.25,1759689645
UID_pP56OU88PB03mL78ZL,C,question_id_15,C,C,C,18:41:32 05.10.25,1759689692
UID_pP56OU88PB03mL78ZL,C,facesSlider_question_id_15_rating,5,,,18:41:35 05.10.25,1759689695
UID_pP56OU88PB03mL78ZL,C,question_id_20,C,B,B,18:42:45 05.10.25,1759689765
UID_pP56OU88PB03mL78ZL,C,facesSlider_question_id_20_rating,3,,,18:42:48 05.10.25,1759689768
UID_pP56OU88PB03mL78ZL,C,question_id_3,A,A,A,18:43:35 05.10.25,1759689815
UID_pP56OU88PB03mL78ZL,C,facesSlider_question_id_3_rating,4,,,18:43:38 05.10.25,1759689818
UID_pP56OU88PB03mL78ZL,C,question_id_1,D,D,D,18:44:31 05.10.25,1759689871
UID_pP56OU88PB03mL78ZL,C,facesSlider_question_id_1_rating,5,,,18:44:34 05.10.25,1759689874
UID_pP56OU88PB03mL78ZL,C,question_id_12,D,A,D,18:45:14 05.10.25,1759689914
UID_pP56OU88PB03mL78ZL,C,facesSlider_question_id_12_rating,4,,,18:45:16 05.10.25,1759689916
UID_pP56OU88PB03mL78ZL,C,question_id_22,B,B,D,18:46:04 05.10.25,1759689964
UID_pP56OU88PB03mL78ZL,C,facesSlider_question_id_22_rating,4,,,18:46:07 05.10.25,1759689967
UID_pP56OU88PB03mL78ZL,C,facesSlider_block_end_questionnaire_explanation_OTHER_EXPLANATION_question_1,4,,,18:46:13 05.10.25,1759689973
UID_pP56OU88PB03mL78ZL,C,facesSlider_block_end_questionnaire_explanation_OTHER_EXPLANATION_question_2,3,,,18:46:17 05.10.25,1759689977
UID_pP56OU88PB03mL78ZL,C,facesSlider_block_end_questionnaire_explanation_OTHER_EXPLANATION_question_3,4,,,18:46:20 05.10.25,1759689980
UID_OC09Er73lU92HM74lj,D,question_id_15,C,C,C,20:31:08 08.10.25,1759955468
UID_OC09Er73lU92HM74lj,D,facesSlider_question_id_15_rating,5,,,20:31:11 08.10.25,1759955471
UID_OC09Er73lU92HM74lj,D,question_id_22,D,B,D,20:31:22 08.10.25,1759955482
UID_OC09Er73lU92HM74lj,D,facesSlider_question_id_22_rating,3,,,20:31:25 08.10.25,1759955485
UID_OC09Er73lU92HM74lj,D,question_id_12,D,A,D,20:31:32 08.10.25,1759955492
UID_OC09Er73lU92HM74lj,D,facesSlider_question_id_12_rating,4,,,20:31:36 08.10.25,1759955496
UID_OC09Er73lU92HM74lj,D,question_id_17,A,C,A,20:31:45 08.10.25,1759955505
UID_OC09Er73lU92HM74lj,D,facesSlider_question_id_17_rating,2,,,20:31:48 08.10.25,1759955508
UID_OC09Er73lU92HM74lj,D,question_id_3,A,A,A,20:31:56 08.10.25,1759955516
UID_OC09Er73lU92HM74lj,D,facesSlider_question_id_3_rating,5,,,20:31:58 08.10.25,1759955518
UID_OC09Er73lU92HM74lj,D,question_id_1,D,D,D,20:32:05 08.10.25,1759955525
UID_OC09Er73lU92HM74lj,D,facesSlider_question_id_1_rating,5,,,20:32:07 08.10.25,1759955527
UID_OC09Er73lU92HM74lj,D,question_id_4,D,A,D,20:32:15 08.10.25,1759955535
UID_OC09Er73lU92HM74lj,D,facesSlider_question_id_4_rating,4,,,20:32:18 08.10.25,1759955538
UID_OC09Er73lU92HM74lj,D,question_id_20,B,B,B,20:32:26 08.10.25,1759955546
UID_OC09Er73lU92HM74lj,D,facesSlider_question_id_20_rating,4,,,20:32:29 08.10.25,1759955549
UID_OC09Er73lU92HM74lj,D,question_id_5,A,A,A,20:32:36 08.10.25,1759955556
UID_OC09Er73lU92HM74lj,D,facesSlider_question_id_5_rating,4,,,20:32:40 08.10.25,1759955560
UID_OC09Er73lU92HM74lj,D,question_id_11,C,A,A,20:32:50 08.10.25,1759955570
UID_OC09Er73lU92HM74lj,D,facesSlider_question_id_11_rating,3,,,20:32:54 08.10.25,1759955574
UID_OC09Er73lU92HM74lj,D,facesSlider_block_end_questionnaire_explanation_PREDICTION_WITH_CONFIDENCE_question_1,4,,,20:32:58 08.10.25,1759955578
UID_OC09Er73lU92HM74lj,D,facesSlider_block_end_questionnaire_explanation_PREDICTION_WITH_CONFIDENCE_question_2,5,,,20:33:01 08.10.25,1759955581
UID_OC09Er73lU92HM74lj,D,facesSlider_block_end_questionnaire_explanation_PREDICTION_WITH_CONFIDENCE_question_3,5,,,20:33:04 08.10.25,1759955584
UID_lL50wb46bB48Jr80GT,A,question_id_4,D,A,D,20:34:36 08.10.25,1759955676
UID_lL50wb46bB48Jr80GT,A,facesSlider_question_id_4_rating,4,,,20:34:39 08.10.25,1759955679
UID_lL50wb46bB48Jr80GT,A,question_id_17,C,C,A,20:34:44 08.10.25,1759955684
UID_lL50wb46bB48Jr80GT,A,facesSlider_question_id_17_rating,5,,,20:34:46 08.10.25,1759955686
UID_lL50wb46bB48Jr80GT,A,question_id_22,B,B,D,20:34:54 08.10.25,1759955694
UID_lL50wb46bB48Jr80GT,A,facesSlider_question_id_22_rating,4,,,20:34:56 08.10.25,1759955696
UID_lL50wb46bB48Jr80GT,A,question_id_1,D,D,D,20:34:59 08.10.25,1759955699
UID_lL50wb46bB48Jr80GT,A,facesSlider_question_id_1_rating,4,,,20:35:02 08.10.25,1759955702
UID_lL50wb46bB48Jr80GT,A,question_id_20,B,B,B,20:35:05 08.10.25,1759955705
UID_lL50wb46bB48Jr80GT,A,facesSlider_question_id_20_rating,4,,,20:35:08 08.10.25,1759955708
UID_lL50wb46bB48Jr80GT,A,question_id_3,A,A,A,20:35:10 08.10.25,1759955710
UID_lL50wb46bB48Jr80GT,A,facesSlider_question_id_3_rating,5,,,20:35:13 08.10.25,1759955713
UID_lL50wb46bB48Jr80GT,A,question_id_5,A,A,A,20:35:15 08.10.25,1759955715
UID_lL50wb46bB48Jr80GT,A,facesSlider_question_id_5_rating,5,,,20:35:18 08.10.25,1759955718
UID_lL50wb46bB48Jr80GT,A,question_id_11,A,A,A,20:35:21 08.10.25,1759955721
UID_lL50wb46bB48Jr80GT,A,facesSlider_question_id_11_rating,5,,,20:35:24 08.10.25,1759955724
UID_lL50wb46bB48Jr80GT,A,question_id_12,A,A,D,20:35:26 08.10.25,1759955726
UID_lL50wb46bB48Jr80GT,A,facesSlider_question_id_12_rating,5,,,20:35:29 08.10.25,1759955729
UID_lL50wb46bB48Jr80GT,A,question_id_15,C,C,C,20:35:33 08.10.25,1759955733
UID_lL50wb46bB48Jr80GT,A,facesSlider_question_id_15_rating,5,,,20:35:35 08.10.25,1759955735
UID_lL50wb46bB48Jr80GT,A,facesSlider_block_end_questionnaire_explanation_ONLY_PREDICTION_question_1,4,,,20:35:38 08.10.25,1759955738
UID_lL50wb46bB48Jr80GT,A,facesSlider_block_end_questionnaire_explanation_ONLY_PREDICTION_question_2,3,,,20:35:41 08.10.25,1759955741
UID_lL50wb46bB48Jr80GT,A,facesSlider_block_end_questionnaire_explanation_ONLY_PREDICTION_question_3,3,,,20:35:43 08.10.25,1759955743
UID_EO26sR04rI32WU96By,B,question_id_15,C,C,C,20:36:55 08.10.25,1759955815
UID_EO26sR04rI32WU96By,B,facesSlider_question_id_15_rating,4,,,20:36:58 08.10.25,1759955818
UID_EO26sR04rI32WU96By,B,question_id_1,D,D,D,20:37:04 08.10.25,1759955824
UID_EO26sR04rI32WU96By,B,facesSlider_question_id_1_rating,5,,,20:37:06 08.10.25,1759955826
UID_EO26sR04rI32WU96By,B,question_id_22,D,B,D,20:37:15 08.10.25,1759955835
UID_EO26sR04rI32WU96By,B,facesSlider_question_id_22_rating,3,,,20:37:18 08.10.25,1759955838
UID_EO26sR04rI32WU96By,B,question_id_5,A,A,A,20:37:25 08.10.25,1759955845
UID_EO26sR04rI32WU96By,B,facesSlider_question_id_5_rating,5,,,20:37:27 08.10.25,1759955847
UID_EO26sR04rI32WU96By,B,question_id_3,A,A,A,20:37:34 08.10.25,1759955854
UID_EO26sR04rI32WU96By,B,facesSlider_question_id_3_rating,5,,,20:37:36 08.10.25,1759955856
UID_EO26sR04rI32WU96By,B,question_id_17,A,C,A,20:37:42 08.10.25,1759955862
UID_EO26sR04rI32WU96By,B,facesSlider_question_id_17_rating,5,,,20:37:44 08.10.25,1759955864
UID_EO26sR04rI32WU96By,B,question_id_12,D,A,D,20:37:51 08.10.25,1759955871
UID_EO26sR04rI32WU96By,B,facesSlider_question_id_12_rating,4,,,20:37:53 08.10.25,1759955873
UID_EO26sR04rI32WU96By,B,question_id_4,D,A,D,20:38:01 08.10.25,1759955881
UID_EO26sR04rI32WU96By,B,facesSlider_question_id_4_rating,5,,,20:38:05 08.10.25,1759955885
UID_EO26sR04rI32WU96By,B,question_id_20,B,B,B,20:38:10 08.10.25,1759955890
UID_EO26sR04rI32WU96By,B,facesSlider_question_id_20_rating,5,,,20:38:13 08.10.25,1759955893
UID_EO26sR04rI32WU96By,B,question_id_11,A,A,A,20:38:20 08.10.25,1759955900
UID_EO26sR04rI32WU96By,B,facesSlider_question_id_11_rating,3,,,20:38:22 08.10.25,1759955902
UID_EO26sR04rI32WU96By,B,facesSlider_block_end_questionnaire_explanation_LLM_EXPLANATION_question_1,5,,,20:38:25 08.10.25,1759955905
UID_EO26sR04rI32WU96By,B,facesSlider_block_end_questionnaire_explanation_LLM_EXPLANATION_question_2,5,,,20:38:27 08.10.25,1759955907
UID_EO26sR04rI32WU96By,B,facesSlider_block_end_questionnaire_explanation_LLM_EXPLANATION_question_3,5,,,20:38:30 08.10.25,1759955910
UID_Kp28sm07ej71ZA49ix,C,question_id_22,D,B,D,20:39:43 08.10.25,1759955983
UID_Kp28sm07ej71ZA49ix,C,facesSlider_question_id_22_rating,5,,,20:39:46 08.10.25,1759955986
UID_Kp28sm07ej71ZA49ix,C,question_id_12,D,A,D,20:39:53 08.10.25,1759955993
UID_Kp28sm07ej71ZA49ix,C,facesSlider_question_id_12_rating,4,,,20:39:55 08.10.25,1759955995
UID_Kp28sm07ej71ZA49ix,C,question_id_17,A,C,A,20:40:01 08.10.25,1759956001
UID_Kp28sm07ej71ZA49ix,C,facesSlider_question_id_17_rating,4,,,20:40:05 08.10.25,1759956005
UID_Kp28sm07ej71ZA49ix,C,question_id_5,A,A,A,20:40:10 08.10.25,1759956010
UID_Kp28sm07ej71ZA49ix,C,facesSlider_question_id_5_rating,4,,,20:40:13 08.10.25,1759956013
UID_Kp28sm07ej71ZA49ix,C,question_id_3,A,A,A,20:40:20 08.10.25,1759956020
UID_Kp28sm07ej71ZA49ix,C,facesSlider_question_id_3_rating,5,,,20:40:23 08.10.25,1759956023
UID_Kp28sm07ej71ZA49ix,C,question_id_15,B,C,C,20:40:28 08.10.25,1759956028
UID_Kp28sm07ej71ZA49ix,C,facesSlider_question_id_15_rating,4,,,20:40:31 08.10.25,1759956031
UID_Kp28sm07ej71ZA49ix,C,question_id_4,D,A,D,20:40:37 08.10.25,1759956037
UID_Kp28sm07ej71ZA49ix,C,facesSlider_question_id_4_rating,4,,,20:40:39 08.10.25,1759956039
UID_Kp28sm07ej71ZA49ix,C,question_id_20,B,B,B,20:40:47 08.10.25,1759956047
UID_Kp28sm07ej71ZA49ix,C,facesSlider_question_id_20_rating,3,,,20:40:50 08.10.25,1759956050
UID_Kp28sm07ej71ZA49ix,C,question_id_11,A,A,A,20:40:55 08.10.25,1759956055
UID_Kp28sm07ej71ZA49ix,C,facesSlider_question_id_11_rating,3,,,20:40:58 08.10.25,1759956058
UID_Kp28sm07ej71ZA49ix,C,question_id_1,B,D,D,20:41:08 08.10.25,1759956068
UID_Kp28sm07ej71ZA49ix,C,facesSlider_question_id_1_rating,4,,,20:41:10 08.10.25,1759956070
UID_Kp28sm07ej71ZA49ix,C,facesSlider_block_end_questionnaire_explanation_OTHER_EXPLANATION_question_1,5,,,20:41:13 08.10.25,1759956073
UID_Kp28sm07ej71ZA49ix,C,facesSlider_block_end_questionnaire_explanation_OTHER_EXPLANATION_question_2,5,,,20:41:17 08.10.25,1759956077
UID_Kp28sm07ej71ZA49ix,C,facesSlider_block_end_questionnaire_explanation_OTHER_EXPLANATION_question_3,5,,,20:41:20 08.10.25,1759956080
UID_eA12os33mC17To87Jg,D,question_id_20,B,B,B,20:42:22 08.10.25,1759956142
UID_eA12os33mC17To87Jg,D,facesSlider_question_id_20_rating,4,,,20:42:25 08.10.25,1759956145
UID_eA12os33mC17To87Jg,D,question_id_17,C,C,A,20:42:30 08.10.25,1759956150
UID_eA12os33mC17To87Jg,D,facesSlider_question_id_17_rating,5,,,20:42:33 08.10.25,1759956153
UID_eA12os33mC17To87Jg,D,question_id_22,B,B,D,20:42:36 08.10.25,1759956156
UID_eA12os33mC17To87Jg,D,facesSlider_question_id_22_rating,4,,,20:42:39 08.10.25,1759956159
UID_eA12os33mC17To87Jg,D,question_id_1,D,D,D,20:42:42 08.10.25,1759956162
UID_eA12os33mC17To87Jg,D,facesSlider_question_id_1_rating,3,,,20:42:45 08.10.25,1759956165
UID_eA12os33mC17To87Jg,D,question_id_4,A,A,D,20:42:48 08.10.25,1759956168
UID_eA12os33mC17To87Jg,D,facesSlider_question_id_4_rating,5,,,20:42:50 08.10.25,1759956170
UID_eA12os33mC17To87Jg,D,question_id_5,A,A,A,20:42:53 08.10.25,1759956173
UID_eA12os33mC17To87Jg,D,facesSlider_question_id_5_rating,5,,,20:42:56 08.10.25,1759956176
UID_eA12os33mC17To87Jg,D,question_id_3,A,A,A,20:42:58 08.10.25,1759956178
UID_eA12os33mC17To87Jg,D,facesSlider_question_id_3_rating,5,,,20:43:00 08.10.25,1759956180
UID_eA12os33mC17To87Jg,D,question_id_15,C,C,C,20:43:05 08.10.25,1759956185
UID_eA12os33mC17To87Jg,D,facesSlider_question_id_15_rating,5,,,20:43:07 08.10.25,1759956187
UID_eA12os33mC17To87Jg,D,question_id_12,A,A,D,20:43:10 08.10.25,1759956190
UID_eA12os33mC17To87Jg,D,facesSlider_question_id_12_rating,5,,,20:43:13 08.10.25,1759956193
UID_eA12os33mC17To87Jg,D,question_id_11,A,A,A,20:43:15 08.10.25,1759956195
UID_eA12os33mC17To87Jg,D,facesSlider_question_id_11_rating,5,,,20:43:18 08.10.25,1759956198
UID_eA12os33mC17To87Jg,D,facesSlider_block_end_questionnaire_explanation_PREDICTION_WITH_CONFIDENCE_question_1,3,,,20:43:20 08.10.25,1759956200
UID_eA12os33mC17To87Jg,D,facesSlider_block_end_questionnaire_explanation_PREDICTION_WITH_CONFIDENCE_question_2,4,,,20:43:23 08.10.25,1759956203
UID_eA12os33mC17To87Jg,D,facesSlider_block_end_questionnaire_explanation_PREDICTION_WITH_CONFIDENCE_question_3,5,,,20:43:25 08.10.25,1759956205
UID_Js96Ah93OT36Br27hH,A,question_id_11,A,A,A,20:47:41 08.10.25,1759956461
UID_Js96Ah93OT36Br27hH,A,facesSlider_question_id_11_rating,4,,,20:47:44 08.10.25,1759956464
UID_Js96Ah93OT36Br27hH,A,question_id_1,D,D,D,20:47:50 08.10.25,1759956470
UID_Js96Ah93OT36Br27hH,A,facesSlider_question_id_1_rating,5,,,20:47:52 08.10.25,1759956472
UID_Js96Ah93OT36Br27hH,A,question_id_15,C,C,C,20:47:59 08.10.25,1759956479
UID_Js96Ah93OT36Br27hH,A,facesSlider_question_id_15_rating,5,,,20:48:01 08.10.25,1759956481
UID_Js96Ah93OT36Br27hH,A,question_id_4,A,A,D,20:48:07 08.10.25,1759956487
UID_Js96Ah93OT36Br27hH,A,facesSlider_question_id_4_rating,5,,,20:48:09 08.10.25,1759956489
UID_Js96Ah93OT36Br27hH,A,question_id_17,A,C,A,20:48:17 08.10.25,1759956497
UID_Js96Ah93OT36Br27hH,A,facesSlider_question_id_17_rating,5,,,20:48:19 08.10.25,1759956499
UID_Js96Ah93OT36Br27hH,A,question_id_3,A,A,A,20:48:24 08.10.25,1759956504
UID_Js96Ah93OT36Br27hH,A,facesSlider_question_id_3_rating,4,,,20:48:27 08.10.25,1759956507
UID_Js96Ah93OT36Br27hH,A,question_id_20,B,B,B,20:48:34 08.10.25,1759956514
UID_Js96Ah93OT36Br27hH,A,facesSlider_question_id_20_rating,5,,,20:48:37 08.10.25,1759956517
UID_Js96Ah93OT36Br27hH,A,question_id_12,D,A,D,20:48:44 08.10.25,1759956524
UID_Js96Ah93OT36Br27hH,A,facesSlider_question_id_12_rating,4,,,20:48:47 08.10.25,1759956527
UID_Js96Ah93OT36Br27hH,A,question_id_22,D,B,D,20:48:59 08.10.25,1759956539
UID_Js96Ah93OT36Br27hH,A,facesSlider_question_id_22_rating,4,,,20:49:01 08.10.25,1759956541
UID_Js96Ah93OT36Br27hH,A,question_id_5,B,A,A,20:49:07 08.10.25,1759956547
UID_Js96Ah93OT36Br27hH,A,facesSlider_question_id_5_rating,4,,,20:49:09 08.10.25,1759956549
UID_Js96Ah93OT36Br27hH,A,facesSlider_block_end_questionnaire_explanation_ONLY_PREDICTION_question_1,4,,,20:49:12 08.10.25,1759956552
UID_Js96Ah93OT36Br27hH,A,facesSlider_block_end_questionnaire_explanation_ONLY_PREDICTION_question_2,3,,,20:49:14 08.10.25,1759956554
UID_Js96Ah93OT36Br27hH,A,facesSlider_block_end_questionnaire_explanation_ONLY_PREDICTION_question_3,4,,,20:49:17 08.10.25,1759956557
UID_Wz76KQ53iV42Wg81Yp,B,question_id_12,D,A,D,20:51:00 08.10.25,1759956660
UID_Wz76KQ53iV42Wg81Yp,B,facesSlider_question_id_12_rating,5,,,20:51:02 08.10.25,1759956662
UID_Wz76KQ53iV42Wg81Yp,B,question_id_11,A,A,A,20:51:09 08.10.25,1759956669
UID_Wz76KQ53iV42Wg81Yp,B,facesSlider_question_id_11_rating,5,,,20:51:12 08.10.25,1759956672
UID_Wz76KQ53iV42Wg81Yp,B,question_id_20,D,B,B,20:51:18 08.10.25,1759956678
UID_Wz76KQ53iV42Wg81Yp,B,facesSlider_question_id_20_rating,5,,,20:51:21 08.10.25,1759956681
UID_Wz76KQ53iV42Wg81Yp,B,question_id_1,D,D,D,20:51:27 08.10.25,1759956687
UID_Wz76KQ53iV42Wg81Yp,B,facesSlider_question_id_1_rating,4,,,20:51:30 08.10.25,1759956690
UID_Wz76KQ53iV42Wg81Yp,B,question_id_15,C,C,C,20:51:36 08.10.25,1759956696
UID_Wz76KQ53iV42Wg81Yp,B,facesSlider_question_id_15_rating,4,,,20:51:39 08.10.25,1759956699
UID_Wz76KQ53iV42Wg81Yp,B,question_id_22,D,B,D,20:51:46 08.10.25,1759956706
UID_Wz76KQ53iV42Wg81Yp,B,facesSlider_question_id_22_rating,4,,,20:51:48 08.10.25,1759956708
UID_Wz76KQ53iV42Wg81Yp,B,question_id_3,A,A,A,20:51:54 08.10.25,1759956714
UID_Wz76KQ53iV42Wg81Yp,B,facesSlider_question_id_3_rating,5,,,20:51:56 08.10.25,1759956716
UID_Wz76KQ53iV42Wg81Yp,B,question_id_17,C,C,A,20:52:05 08.10.25,1759956725
UID_Wz76KQ53iV42Wg81Yp,B,facesSlider_question_id_17_rating,5,,,20:52:06 08.10.25,1759956726
UID_Wz76KQ53iV42Wg81Yp,B,question_id_5,A,A,A,20:52:16 08.10.25,1759956736
UID_Wz76KQ53iV42Wg81Yp,B,facesSlider_question_id_5_rating,4,,,20:52:18 08.10.25,1759956738
UID_Wz76KQ53iV42Wg81Yp,B,question_id_4,D,A,D,20:52:23 08.10.25,1759956743
UID_Wz76KQ53iV42Wg81Yp,B,facesSlider_question_id_4_rating,5,,,20:52:26 08.10.25,1759956746
UID_Wz76KQ53iV42Wg81Yp,B,facesSlider_block_end_questionnaire_explanation_LLM_EXPLANATION_question_1,5,,,20:52:29 08.10.25,1759956749
UID_Wz76KQ53iV42Wg81Yp,B,facesSlider_block_end_questionnaire_explanation_LLM_EXPLANATION_question_2,4,,,20:52:32 08.10.25,1759956752
UID_Wz76KQ53iV42Wg81Yp,B,facesSlider_block_end_questionnaire_explanation_LLM_EXPLANATION_question_3,5,,,20:52:34 08.10.25,1759956754
UID_Tl77VV99Pd61Tw54rC,C,question_id_12,A,A,D,20:53:45 08.10.25,1759956825
UID_Tl77VV99Pd61Tw54rC,C,facesSlider_question_id_12_rating,5,,,20:53:53 08.10.25,1759956833
UID_Tl77VV99Pd61Tw54rC,C,question_id_22,D,B,D,20:53:57 08.10.25,1759956837
UID_Tl77VV99Pd61Tw54rC,C,facesSlider_question_id_22_rating,5,,,20:53:59 08.10.25,1759956839
UID_Tl77VV99Pd61Tw54rC,C,question_id_3,A,A,A,20:54:06 08.10.25,1759956846
UID_Tl77VV99Pd61Tw54rC,C,facesSlider_question_id_3_rating,5,,,20:54:08 08.10.25,1759956848
UID_Tl77VV99Pd61Tw54rC,C,question_id_1,D,D,D,20:54:14 08.10.25,1759956854
UID_Tl77VV99Pd61Tw54rC,C,facesSlider_question_id_1_rating,5,,,20:54:16 08.10.25,1759956856
UID_Tl77VV99Pd61Tw54rC,C,question_id_4,A,A,D,20:54:23 08.10.25,1759956863
UID_Tl77VV99Pd61Tw54rC,C,facesSlider_question_id_4_rating,4,,,20:54:26 08.10.25,1759956866
UID_Tl77VV99Pd61Tw54rC,C,question_id_5,A,A,A,20:54:31 08.10.25,1759956871
UID_Tl77VV99Pd61Tw54rC,C,facesSlider_question_id_5_rating,4,,,20:54:33 08.10.25,1759956873
UID_Tl77VV99Pd61Tw54rC,C,question_id_11,A,A,A,20:54:40 08.10.25,1759956880
UID_Tl77VV99Pd61Tw54rC,C,facesSlider_question_id_11_rating,4,,,20:54:43 08.10.25,1759956883
UID_Tl77VV99Pd61Tw54rC,C,question_id_15,C,C,C,20:54:49 08.10.25,1759956889
UID_Tl77VV99Pd61Tw54rC,C,facesSlider_question_id_15_rating,5,,,20:54:52 08.10.25,1759956892
UID_Tl77VV99Pd61Tw54rC,C,question_id_17,A,C,A,20:54:58 08.10.25,1759956898
UID_Tl77VV99Pd61Tw54rC,C,facesSlider_question_id_17_rating,5,,,20:55:01 08.10.25,1759956901
UID_Tl77VV99Pd61Tw54rC,C,question_id_20,B,B,B,20:55:07 08.10.25,1759956907
UID_Tl77VV99Pd61Tw54rC,C,facesSlider_question_id_20_rating,5,,,20:55:09 08.10.25,1759956909
UID_Tl77VV99Pd61Tw54rC,C,facesSlider_block_end_questionnaire_explanation_OTHER_EXPLANATION_question_1,4,,,20:55:12 08.10.25,1759956912
UID_Tl77VV99Pd61Tw54rC,C,facesSlider_block_end_questionnaire_explanation_OTHER_EXPLANATION_question_2,4,,,20:55:14 08.10.25,1759956914
UID_Tl77VV99Pd61Tw54rC,C,facesSlider_block_end_questionnaire_explanation_OTHER_EXPLANATION_question_3,4,,,20:55:16 08.10.25,1759956916
UID_ni93Uw33uW74QH76ey,D,question_id_5,A,A,A,20:56:21 08.10.25,1759956981
UID_ni93Uw33uW74QH76ey,D,facesSlider_question_id_5_rating,5,,,20:56:23 08.10.25,1759956983
UID_ni93Uw33uW74QH76ey,D,question_id_3,A,A,A,20:56:27 08.10.25,1759956987
UID_ni93Uw33uW74QH76ey,D,facesSlider_question_id_3_rating,4,,,20:56:29 08.10.25,1759956989
UID_ni93Uw33uW74QH76ey,D,question_id_4,A,A,D,20:56:32 08.10.25,1759956992
UID_ni93Uw33uW74QH76ey,D,facesSlider_question_id_4_rating,4,,,20:56:35 08.10.25,1759956995
UID_ni93Uw33uW74QH76ey,D,question_id_11,A,A,A,20:56:37 08.10.25,1759956997
UID_ni93Uw33uW74QH76ey,D,facesSlider_question_id_11_rating,4,,,20:56:40 08.10.25,1759957000
UID_ni93Uw33uW74QH76ey,D,question_id_1,D,D,D,20:56:43 08.10.25,1759957003
UID_ni93Uw33uW74QH76ey,D,facesSlider_question_id_1_rating,4,,,20:56:45 08.10.25,1759957005
UID_ni93Uw33uW74QH76ey,D,question_id_22,B,B,D,20:56:49 08.10.25,1759957009
UID_ni93Uw33uW74QH76ey,D,facesSlider_question_id_22_rating,4,,,20:56:51 08.10.25,1759957011
UID_ni93Uw33uW74QH76ey,D,question_id_12,A,A,D,20:56:54 08.10.25,1759957014
UID_ni93Uw33uW74QH76ey,D,facesSlider_question_id_12_rating,5,,,20:56:56 08.10.25,1759957016
UID_ni93Uw33uW74QH76ey,D,question_id_17,C,C,A,20:57:00 08.10.25,1759957020
UID_ni93Uw33uW74QH76ey,D,facesSlider_question_id_17_rating,5,,,20:57:02 08.10.25,1759957022
UID_ni93Uw33uW74QH76ey,D,question_id_20,B,B,B,20:57:06 08.10.25,1759957026
UID_ni93Uw33uW74QH76ey,D,facesSlider_question_id_20_rating,5,,,20:57:08 08.10.25,1759957028
UID_ni93Uw33uW74QH76ey,D,question_id_15,C,C,C,20:57:11 08.10.25,1759957031
UID_ni93Uw33uW74QH76ey,D,facesSlider_question_id_15_rating,4,,,20:57:14 08.10.25,1759957034
UID_ni93Uw33uW74QH76ey,D,facesSlider_block_end_questionnaire_explanation_PREDICTION_WITH_CONFIDENCE_question_1,5,,,20:57:16 08.10.25,1759957036
UID_ni93Uw33uW74QH76ey,D,facesSlider_block_end_questionnaire_explanation_PREDICTION_WITH_CONFIDENCE_question_2,4,,,20:57:19 08.10.25,1759957039
UID_ni93Uw33uW74QH76ey,D,facesSlider_block_end_questionnaire_explanation_PREDICTION_WITH_CONFIDENCE_question_3,4,,,20:57:21 08.10.25,1759957041
UID_ng76tE28tf82Va03Dx,A,question_id_17,C,C,A,20:58:26 08.10.25,1759957106
UID_ng76tE28tf82Va03Dx,A,facesSlider_question_id_17_rating,5,,,20:58:28 08.10.25,1759957108
UID_ng76tE28tf82Va03Dx,A,question_id_3,A,A,A,20:58:31 08.10.25,1759957111
UID_ng76tE28tf82Va03Dx,A,facesSlider_question_id_3_rating,5,,,20:58:33 08.10.25,1759957113
UID_ng76tE28tf82Va03Dx,A,question_id_11,A,A,A,20:58:37 08.10.25,1759957117
UID_ng76tE28tf82Va03Dx,A,facesSlider_question_id_11_rating,4,,,20:58:39 08.10.25,1759957119
UID_ng76tE28tf82Va03Dx,A,question_id_5,A,A,A,20:58:42 08.10.25,1759957122
UID_ng76tE28tf82Va03Dx,A,facesSlider_question_id_5_rating,5,,,20:58:44 08.10.25,1759957124
UID_ng76tE28tf82Va03Dx,A,question_id_22,B,B,D,20:58:47 08.10.25,1759957127
UID_ng76tE28tf82Va03Dx,A,facesSlider_question_id_22_rating,5,,,20:58:50 08.10.25,1759957130
UID_ng76tE28tf82Va03Dx,A,question_id_15,C,C,C,20:58:54 08.10.25,1759957134
UID_ng76tE28tf82Va03Dx,A,facesSlider_question_id_15_rating,5,,,20:58:57 08.10.25,1759957137
UID_ng76tE28tf82Va03Dx,A,question_id_1,D,D,D,20:59:01 08.10.25,1759957141
UID_ng76tE28tf82Va03Dx,A,facesSlider_question_id_1_rating,4,,,20:59:03 08.10.25,1759957143
UID_ng76tE28tf82Va03Dx,A,question_id_20,B,B,B,20:59:07 08.10.25,1759957147
UID_ng76tE28tf82Va03Dx,A,facesSlider_question_id_20_rating,5,,,20:59:09 08.10.25,1759957149
UID_ng76tE28tf82Va03Dx,A,question_id_4,A,A,D,20:59:12 08.10.25,1759957152
UID_ng76tE28tf82Va03Dx,A,facesSlider_question_id_4_rating,4,,,20:59:15 08.10.25,1759957155
UID_ng76tE28tf82Va03Dx,A,question_id_12,A,A,D,20:59:18 08.10.25,1759957158
UID_ng76tE28tf82Va03Dx,A,facesSlider_question_id_12_rating,4,,,20:59:20 08.10.25,1759957160
UID_ng76tE28tf82Va03Dx,A,facesSlider_block_end_questionnaire_explanation_ONLY_PREDICTION_question_1,4,,,20:59:22 08.10.25,1759957162
UID_ng76tE28tf82Va03Dx,A,facesSlider_block_end_questionnaire_explanation_ONLY_PREDICTION_question_2,5,,,20:59:25 08.10.25,1759957165
UID_ng76tE28tf82Va03Dx,A,facesSlider_block_end_questionnaire_explanation_ONLY_PREDICTION_question_3,5,,,20:59:28 08.10.25,1759957168
UID_bF34JD83bU48eK64Nt,B,question_id_12,D,A,D,21:07:14 08.10.25,1759957634
UID_bF34JD83bU48eK64Nt,B,facesSlider_question_id_12_rating,5,,,21:07:17 08.10.25,1759957637
UID_bF34JD83bU48eK64Nt,B,question_id_5,A,A,A,21:07:24 08.10.25,1759957644
UID_bF34JD83bU48eK64Nt,B,facesSlider_question_id_5_rating,4,,,21:07:26 08.10.25,1759957646
UID_bF34JD83bU48eK64Nt,B,question_id_4,D,A,D,21:07:34 08.10.25,1759957654
UID_bF34JD83bU48eK64Nt,B,facesSlider_question_id_4_rating,4,,,21:07:37 08.10.25,1759957657
UID_bF34JD83bU48eK64Nt,B,question_id_1,D,D,D,21:07:42 08.10.25,1759957662
UID_bF34JD83bU48eK64Nt,B,facesSlider_question_id_1_rating,4,,,21:07:44 08.10.25,1759957664
UID_bF34JD83bU48eK64Nt,B,question_id_15,D,C,C,21:07:51 08.10.25,1759957671
UID_bF34JD83bU48eK64Nt,B,facesSlider_question_id_15_rating,4,,,21:07:53 08.10.25,1759957673
UID_bF34JD83bU48eK64Nt,B,question_id_17,A,C,A,21:07:59 08.10.25,1759957679
UID_bF34JD83bU48eK64Nt,B,facesSlider_question_id_17_rating,4,,,21:08:01 08.10.25,1759957681
UID_bF34JD83bU48eK64Nt,B,question_id_11,A,A,A,21:08:06 08.10.25,1759957686
UID_bF34JD83bU48eK64Nt,B,facesSlider_question_id_11_rating,4,,,21:08:09 08.10.25,1759957689
UID_bF34JD83bU48eK64Nt,B,question_id_3,A,A,A,21:08:14 08.10.25,1759957694
UID_bF34JD83bU48eK64Nt,B,facesSlider_question_id_3_rating,4,,,21:08:16 08.10.25,1759957696
UID_bF34JD83bU48eK64Nt,B,question_id_22,D,B,D,21:08:22 08.10.25,1759957702
UID_bF34JD83bU48eK64Nt,B,facesSlider_question_id_22_rating,5,,,21:08:24 08.10.25,1759957704
UID_bF34JD83bU48eK64Nt,B,question_id_20,B,B,B,21:08:30 08.10.25,1759957710
UID_bF34JD83bU48eK64Nt,B,facesSlider_question_id_20_rating,5,,,21:08:33 08.10.25,1759957713
UID_bF34JD83bU48eK64Nt,B,facesSlider_block_end_questionnaire_explanation_LLM_EXPLANATION_question_1,5,,,21:08:35 08.10.25,1759957715
UID_bF34JD83bU48eK64Nt,B,facesSlider_block_end_questionnaire_explanation_LLM_EXPLANATION_question_2,5,,,21:08:38 08.10.25,1759957718
UID_bF34JD83bU48eK64Nt,B,facesSlider_block_end_questionnaire_explanation_LLM_EXPLANATION_question_3,5,,,21:08:40 08.10.25,1759957720
UID_Fs42ja17Wv06lQ18lr,C,question_id_12,D,A,D,21:09:56 08.10.25,1759957796
UID_Fs42ja17Wv06lQ18lr,C,facesSlider_question_id_12_rating,4,,,21:09:59 08.10.25,1759957799
UID_Fs42ja17Wv06lQ18lr,C,question_id_15,C,C,C,21:10:07 08.10.25,1759957807
UID_Fs42ja17Wv06lQ18lr,C,facesSlider_question_id_15_rating,5,,,21:10:09 08.10.25,1759957809
UID_Fs42ja17Wv06lQ18lr,C,question_id_11,A,A,A,21:10:14 08.10.25,1759957814
UID_Fs42ja17Wv06lQ18lr,C,facesSlider_question_id_11_rating,5,,,21:10:16 08.10.25,1759957816
UID_Fs42ja17Wv06lQ18lr,C,question_id_22,B,B,D,21:10:24 08.10.25,1759957824
UID_Fs42ja17Wv06lQ18lr,C,facesSlider_question_id_22_rating,4,,,21:10:27 08.10.25,1759957827
UID_Fs42ja17Wv06lQ18lr,C,question_id_5,A,A,A,21:10:33 08.10.25,1759957833
UID_Fs42ja17Wv06lQ18lr,C,facesSlider_question_id_5_rating,4,,,21:10:35 08.10.25,1759957835
UID_Fs42ja17Wv06lQ18lr,C,question_id_1,D,D,D,21:10:40 08.10.25,1759957840
UID_Fs42ja17Wv06lQ18lr,C,facesSlider_question_id_1_rating,4,,,21:10:42 08.10.25,1759957842
UID_Fs42ja17Wv06lQ18lr,C,question_id_4,D,A,D,21:10:49 08.10.25,1759957849
UID_Fs42ja17Wv06lQ18lr,C,facesSlider_question_id_4_rating,4,,,21:10:52 08.10.25,1759957852
UID_Fs42ja17Wv06lQ18lr,C,question_id_3,A,A,A,21:10:58 08.10.25,1759957858
UID_Fs42ja17Wv06lQ18lr,C,facesSlider_question_id_3_rating,5,,,21:11:01 08.10.25,1759957861
UID_Fs42ja17Wv06lQ18lr,C,question_id_20,B,B,B,21:11:06 08.10.25,1759957866
UID_Fs42ja17Wv06lQ18lr,C,facesSlider_question_id_20_rating,5,,,21:11:10 08.10.25,1759957870
UID_Fs42ja17Wv06lQ18lr,C,question_id_17,A,C,A,21:11:15 08.10.25,1759957875
UID_Fs42ja17Wv06lQ18lr,C,facesSlider_question_id_17_rating,4,,,21:11:19 08.10.25,1759957879
UID_Fs42ja17Wv06lQ18lr,C,facesSlider_block_end_questionnaire_explanation_OTHER_EXPLANATION_question_1,4,,,21:11:22 08.10.25,1759957882
UID_Fs42ja17Wv06lQ18lr,C,facesSlider_block_end_questionnaire_explanation_OTHER_EXPLANATION_question_2,4,,,21:11:24 08.10.25,1759957884
UID_Fs42ja17Wv06lQ18lr,C,facesSlider_block_end_questionnaire_explanation_OTHER_EXPLANATION_question_3,4,,,21:11:27 08.10.25,1759957887
UID_SP20sl36fj69qK77Fk,D,question_id_22,A,B,D,05:34:44 15.10.25,1760506484
UID_SP20sl36fj69qK77Fk,D,facesSlider_question_id_22_rating,4,,,05:34:47 15.10.25,1760506487
UID_SP20sl36fj69qK77Fk,D,question_id_11,B,A,A,05:34:50 15.10.25,1760506490
UID_SP20sl36fj69qK77Fk,D,facesSlider_question_id_11_rating,4,,,05:34:53 15.10.25,1760506493
UID_SP20sl36fj69qK77Fk,D,question_id_1,C,D,D,05:34:57 15.10.25,1760506497
UID_SP20sl36fj69qK77Fk,D,facesSlider_question_id_1_rating,4,,,05:34:59 15.10.25,1760506499
UID_SP20sl36fj69qK77Fk,D,question_id_20,C,B,B,05:35:02 15.10.25,1760506502
UID_SP20sl36fj69qK77Fk,D,facesSlider_question_id_20_rating,4,,,05:35:06 15.10.25,1760506506
UID_SP20sl36fj69qK77Fk,D,question_id_4,A,A,D,05:35:08 15.10.25,1760506508
UID_SP20sl36fj69qK77Fk,D,facesSlider_question_id_4_rating,4,,,05:35:10 15.10.25,1760506510
UID_SP20sl36fj69qK77Fk,D,question_id_5,B,A,A,05:35:14 15.10.25,1760506514
UID_SP20sl36fj69qK77Fk,D,facesSlider_question_id_5_rating,5,,,05:35:16 15.10.25,1760506516
UID_SP20sl36fj69qK77Fk,D,question_id_15,A,C,C,05:35:19 15.10.25,1760506519
UID_SP20sl36fj69qK77Fk,D,facesSlider_question_id_15_rating,5,,,05:35:22 15.10.25,1760506522
UID_SP20sl36fj69qK77Fk,D,question_id_12,D,A,D,05:35:25 15.10.25,1760506525
UID_SP20sl36fj69qK77Fk,D,facesSlider_question_id_12_rating,5,,,05:35:27 15.10.25,1760506527
UID_SP20sl36fj69qK77Fk,D,question_id_3,B,A,A,05:35:30 15.10.25,1760506530
UID_SP20sl36fj69qK77Fk,D,facesSlider_question_id_3_rating,5,,,05:35:34 15.10.25,1760506534
UID_SP20sl36fj69qK77Fk,D,question_id_17,D,C,A,05:35:38 15.10.25,1760506538
UID_SP20sl36fj69qK77Fk,D,facesSlider_question_id_17_rating,5,,,05:35:40 15.10.25,1760506540
UID_SP20sl36fj69qK77Fk,D,facesSlider_block_end_questionnaire_explanation_PREDICTION_WITH_CONFIDENCE_question_1,4,,,05:35:44 15.10.25,1760506544
UID_SP20sl36fj69qK77Fk,D,facesSlider_block_end_questionnaire_explanation_PREDICTION_WITH_CONFIDENCE_question_2,5,,,05:35:50 15.10.25,1760506550
UID_SP20sl36fj69qK77Fk,D,facesSlider_block_end_questionnaire_explanation_PREDICTION_WITH_CONFIDENCE_question_3,5,,,05:35:53 15.10.25,1760506553
UID_qr94Yx05fa61mj92cG,A,question_id_22,A,B,D,05:38:47 15.10.25,1760506727
UID_qr94Yx05fa61mj92cG,A,facesSlider_question_id_22_rating,4,,,05:38:49 15.10.25,1760506729
UID_qr94Yx05fa61mj92cG,A,question_id_17,B,C,A,05:38:53 15.10.25,1760506733
UID_qr94Yx05fa61mj92cG,A,facesSlider_question_id_17_rating,4,,,05:38:55 15.10.25,1760506735
UID_qr94Yx05fa61mj92cG,A,question_id_4,B,A,D,05:38:59 15.10.25,1760506739
UID_qr94Yx05fa61mj92cG,A,facesSlider_question_id_4_rating,5,,,05:39:02 15.10.25,1760506742
UID_qr94Yx05fa61mj92cG,A,question_id_15,C,C,C,05:39:06 15.10.25,1760506746
UID_qr94Yx05fa61mj92cG,A,facesSlider_question_id_15_rating,5,,,05:39:08 15.10.25,1760506748
UID_qr94Yx05fa61mj92cG,A,question_id_11,B,A,A,05:39:11 15.10.25,1760506751
UID_qr94Yx05fa61mj92cG,A,facesSlider_question_id_11_rating,5,,,05:39:14 15.10.25,1760506754
UID_qr94Yx05fa61mj92cG,A,question_id_20,A,B,B,05:39:17 15.10.25,1760506757
UID_qr94Yx05fa61mj92cG,A,facesSlider_question_id_20_rating,5,,,05:39:19 15.10.25,1760506759
UID_qr94Yx05fa61mj92cG,A,question_id_5,B,A,A,05:39:22 15.10.25,1760506762
UID_qr94Yx05fa61mj92cG,A,facesSlider_question_id_5_rating,4,,,05:39:25 15.10.25,1760506765
UID_qr94Yx05fa61mj92cG,A,question_id_3,A,A,A,05:39:28 15.10.25,1760506768
UID_qr94Yx05fa61mj92cG,A,facesSlider_question_id_3_rating,5,,,05:39:30 15.10.25,1760506770
UID_qr94Yx05fa61mj92cG,A,question_id_1,B,D,D,05:39:33 15.10.25,1760506773
UID_qr94Yx05fa61mj92cG,A,facesSlider_question_id_1_rating,5,,,05:39:35 15.10.25,1760506775
UID_qr94Yx05fa61mj92cG,A,question_id_12,A,A,D,05:39:38 15.10.25,1760506778
UID_qr94Yx05fa61mj92cG,A,facesSlider_question_id_12_rating,5,,,05:39:40 15.10.25,1760506780
UID_qr94Yx05fa61mj92cG,A,facesSlider_block_end_questionnaire_explanation_ONLY_PREDICTION_question_1,5,,,05:39:43 15.10.25,1760506783
UID_qr94Yx05fa61mj92cG,A,facesSlider_block_end_questionnaire_explanation_ONLY_PREDICTION_question_2,5,,,05:39:45 15.10.25,1760506785
UID_qr94Yx05fa61mj92cG,A,facesSlider_block_end_questionnaire_explanation_ONLY_PREDICTION_question_3,5,,,05:39:47 15.10.25,1760506787
UID_ZX95UZ20LH93Nm58SR,B,question_id_1,D,D,D,05:40:44 15.10.25,1760506844
UID_ZX95UZ20LH93Nm58SR,B,facesSlider_question_id_1_rating,5,,,05:40:47 15.10.25,1760506847
UID_ZX95UZ20LH93Nm58SR,B,question_id_11,A,A,A,05:40:54 15.10.25,1760506854
UID_ZX95UZ20LH93Nm58SR,B,facesSlider_question_id_11_rating,5,,,05:40:56 15.10.25,1760506856
UID_ZX95UZ20LH93Nm58SR,B,question_id_20,B,B,B,05:41:04 15.10.25,1760506864
UID_ZX95UZ20LH93Nm58SR,B,facesSlider_question_id_20_rating,4,,,05:41:07 15.10.25,1760506867
UID_ZX95UZ20LH93Nm58SR,B,question_id_5,A,A,A,05:41:13 15.10.25,1760506873
UID_ZX95UZ20LH93Nm58SR,B,facesSlider_question_id_5_rating,5,,,05:41:15 15.10.25,1760506875
UID_ZX95UZ20LH93Nm58SR,B,question_id_3,A,A,A,05:41:20 15.10.25,1760506880
UID_ZX95UZ20LH93Nm58SR,B,facesSlider_question_id_3_rating,5,,,05:41:22 15.10.25,1760506882
UID_ZX95UZ20LH93Nm58SR,B,question_id_22,B,B,D,05:41:32 15.10.25,1760506892
UID_ZX95UZ20LH93Nm58SR,B,facesSlider_question_id_22_rating,5,,,05:41:34 15.10.25,1760506894
UID_ZX95UZ20LH93Nm58SR,B,question_id_15,C,C,C,05:41:40 15.10.25,1760506900
UID_ZX95UZ20LH93Nm58SR,B,facesSlider_question_id_15_rating,5,,,05:41:43 15.10.25,1760506903
UID_ZX95UZ20LH93Nm58SR,B,question_id_17,A,C,A,05:41:47 15.10.25,1760506907
UID_ZX95UZ20LH93Nm58SR,B,facesSlider_question_id_17_rating,4,,,05:41:50 15.10.25,1760506910
UID_ZX95UZ20LH93Nm58SR,B,question_id_12,D,A,D,05:41:55 15.10.25,1760506915
UID_ZX95UZ20LH93Nm58SR,B,facesSlider_question_id_12_rating,5,,,05:41:58 15.10.25,1760506918
UID_ZX95UZ20LH93Nm58SR,B,question_id_4,A,A,D,05:42:05 15.10.25,1760506925
UID_ZX95UZ20LH93Nm58SR,B,facesSlider_question_id_4_rating,5,,,05:42:06 15.10.25,1760506926
UID_ZX95UZ20LH93Nm58SR,B,facesSlider_block_end_questionnaire_explanation_LLM_EXPLANATION_question_1,5,,,05:42:09 15.10.25,1760506929
UID_ZX95UZ20LH93Nm58SR,B,facesSlider_block_end_questionnaire_explanation_LLM_EXPLANATION_question_2,3,,,05:42:11 15.10.25,1760506931
UID_ZX95UZ20LH93Nm58SR,B,facesSlider_block_end_questionnaire_explanation_LLM_EXPLANATION_question_3,4,,,05:42:14 15.10.25,1760506934
UID_Rp08jp53qp53cx84Me,C,question_id_22,B,B,D,05:43:10 15.10.25,1760506990
UID_Rp08jp53qp53cx84Me,C,facesSlider_question_id_22_rating,5,,,05:43:16 15.10.25,1760506996
UID_Rp08jp53qp53cx84Me,C,question_id_15,B,C,C,05:43:22 15.10.25,1760507002
UID_Rp08jp53qp53cx84Me,C,facesSlider_question_id_15_rating,4,,,05:43:25 15.10.25,1760507005
UID_Rp08jp53qp53cx84Me,C,question_id_1,C,D,D,05:43:30 15.10.25,1760507010
UID_Rp08jp53qp53cx84Me,C,facesSlider_question_id_1_rating,4,,,05:43:33 15.10.25,1760507013
UID_Rp08jp53qp53cx84Me,C,question_id_20,B,B,B,05:43:39 15.10.25,1760507019
UID_Rp08jp53qp53cx84Me,C,facesSlider_question_id_20_rating,5,,,05:43:41 15.10.25,1760507021
UID_Rp08jp53qp53cx84Me,C,question_id_17,C,C,A,05:43:52 15.10.25,1760507032
UID_Rp08jp53qp53cx84Me,C,facesSlider_question_id_17_rating,5,,,05:43:54 15.10.25,1760507034
UID_Rp08jp53qp53cx84Me,C,question_id_3,B,A,A,05:44:00 15.10.25,1760507040
UID_Rp08jp53qp53cx84Me,C,facesSlider_question_id_3_rating,5,,,05:44:02 15.10.25,1760507042
UID_Rp08jp53qp53cx84Me,C,question_id_11,C,A,A,05:44:07 15.10.25,1760507047
UID_Rp08jp53qp53cx84Me,C,facesSlider_question_id_11_rating,5,,,05:44:10 15.10.25,1760507050
UID_Rp08jp53qp53cx84Me,C,question_id_4,B,A,D,05:44:13 15.10.25,1760507053
UID_Rp08jp53qp53cx84Me,C,facesSlider_question_id_4_rating,5,,,05:44:15 15.10.25,1760507055
UID_Rp08jp53qp53cx84Me,C,question_id_12,A,A,D,05:44:17 15.10.25,1760507057
UID_Rp08jp53qp53cx84Me,C,facesSlider_question_id_12_rating,5,,,05:44:20 15.10.25,1760507060
UID_Rp08jp53qp53cx84Me,C,question_id_5,A,A,A,05:44:23 15.10.25,1760507063
UID_Rp08jp53qp53cx84Me,C,facesSlider_question_id_5_rating,5,,,05:44:25 15.10.25,1760507065
UID_Rp08jp53qp53cx84Me,C,facesSlider_block_end_questionnaire_explanation_OTHER_EXPLANATION_question_1,5,,,05:44:27 15.10.25,1760507067
UID_Rp08jp53qp53cx84Me,C,facesSlider_block_end_questionnaire_explanation_OTHER_EXPLANATION_question_2,4,,,05:44:30 15.10.25,1760507070
UID_Rp08jp53qp53cx84Me,C,facesSlider_block_end_questionnaire_explanation_OTHER_EXPLANATION_question_3,4,,,05:44:32 15.10.25,1760507072
UID_xR33kk50iC99Aa91oO,D,question_id_15,C,C,C,05:45:27 15.10.25,1760507127
UID_xR33kk50iC99Aa91oO,D,facesSlider_question_id_15_rating,5,,,05:45:29 15.10.25,1760507129
UID_xR33kk50iC99Aa91oO,D,question_id_11,A,A,A,05:45:32 15.10.25,1760507132
UID_xR33kk50iC99Aa91oO,D,facesSlider_question_id_11_rating,5,,,05:45:34 15.10.25,1760507134
UID_xR33kk50iC99Aa91oO,D,question_id_4,A,A,D,05:45:37 15.10.25,1760507137
UID_xR33kk50iC99Aa91oO,D,facesSlider_question_id_4_rating,5,,,05:45:39 15.10.25,1760507139
UID_xR33kk50iC99Aa91oO,D,question_id_20,B,B,B,05:45:42 15.10.25,1760507142
UID_xR33kk50iC99Aa91oO,D,facesSlider_question_id_20_rating,4,,,05:45:45 15.10.25,1760507145
UID_xR33kk50iC99Aa91oO,D,question_id_22,B,B,D,05:45:48 15.10.25,1760507148
UID_xR33kk50iC99Aa91oO,D,facesSlider_question_id_22_rating,3,,,05:45:50 15.10.25,1760507150
UID_xR33kk50iC99Aa91oO,D,question_id_17,C,C,A,05:45:54 15.10.25,1760507154
UID_xR33kk50iC99Aa91oO,D,facesSlider_question_id_17_rating,4,,,05:45:56 15.10.25,1760507156
UID_xR33kk50iC99Aa91oO,D,question_id_3,A,A,A,05:45:59 15.10.25,1760507159
UID_xR33kk50iC99Aa91oO,D,facesSlider_question_id_3_rating,4,,,05:46:01 15.10.25,1760507161
UID_xR33kk50iC99Aa91oO,D,question_id_1,D,D,D,05:46:05 15.10.25,1760507165
UID_xR33kk50iC99Aa91oO,D,facesSlider_question_id_1_rating,5,,,05:46:07 15.10.25,1760507167
UID_xR33kk50iC99Aa91oO,D,question_id_12,A,A,D,05:46:09 15.10.25,1760507169
UID_xR33kk50iC99Aa91oO,D,facesSlider_question_id_12_rating,5,,,05:46:11 15.10.25,1760507171
UID_xR33kk50iC99Aa91oO,D,question_id_5,B,A,A,05:46:15 15.10.25,1760507175
UID_xR33kk50iC99Aa91oO,D,facesSlider_question_id_5_rating,5,,,05:46:17 15.10.25,1760507177
UID_xR33kk50iC99Aa91oO,D,facesSlider_block_end_questionnaire_explanation_PREDICTION_WITH_CONFIDENCE_question_1,3,,,05:46:19 15.10.25,1760507179
UID_xR33kk50iC99Aa91oO,D,facesSlider_block_end_questionnaire_explanation_PREDICTION_WITH_CONFIDENCE_question_2,3,,,05:46:22 15.10.25,1760507182
UID_xR33kk50iC99Aa91oO,D,facesSlider_block_end_questionnaire_explanation_PREDICTION_WITH_CONFIDENCE_question_3,3,,,05:46:24 15.10.25,1760507184
UID_mz38nF38ZM02Nd95Fw,A,question_id_12,B,A,D,05:47:21 15.10.25,1760507241
UID_mz38nF38ZM02Nd95Fw,A,facesSlider_question_id_12_rating,4,,,05:47:24 15.10.25,1760507244
UID_mz38nF38ZM02Nd95Fw,A,question_id_5,A,A,A,05:47:27 15.10.25,1760507247
UID_mz38nF38ZM02Nd95Fw,A,facesSlider_question_id_5_rating,4,,,05:47:29 15.10.25,1760507249
UID_mz38nF38ZM02Nd95Fw,A,question_id_11,B,A,A,05:47:31 15.10.25,1760507251
UID_mz38nF38ZM02Nd95Fw,A,facesSlider_question_id_11_rating,5,,,05:47:33 15.10.25,1760507253
UID_mz38nF38ZM02Nd95Fw,A,question_id_17,D,C,A,05:47:59 15.10.25,1760507279
UID_mz38nF38ZM02Nd95Fw,A,facesSlider_question_id_17_rating,5,,,05:48:02 15.10.25,1760507282
UID_mz38nF38ZM02Nd95Fw,A,question_id_1,B,D,D,05:48:06 15.10.25,1760507286
UID_mz38nF38ZM02Nd95Fw,A,facesSlider_question_id_1_rating,3,,,05:48:07 15.10.25,1760507287
UID_mz38nF38ZM02Nd95Fw,A,question_id_20,A,B,B,05:48:09 15.10.25,1760507289
UID_mz38nF38ZM02Nd95Fw,A,facesSlider_question_id_20_rating,4,,,05:48:11 15.10.25,1760507291
UID_mz38nF38ZM02Nd95Fw,A,question_id_15,B,C,C,05:48:15 15.10.25,1760507295
UID_mz38nF38ZM02Nd95Fw,A,facesSlider_question_id_15_rating,5,,,05:48:17 15.10.25,1760507297
UID_mz38nF38ZM02Nd95Fw,A,question_id_22,A,B,D,05:48:21 15.10.25,1760507301
UID_mz38nF38ZM02Nd95Fw,A,facesSlider_question_id_22_rating,4,,,05:48:23 15.10.25,1760507303
UID_mz38nF38ZM02Nd95Fw,A,question_id_3,A,A,A,05:48:27 15.10.25,1760507307
UID_mz38nF38ZM02Nd95Fw,A,facesSlider_question_id_3_rating,5,,,05:48:29 15.10.25,1760507309
UID_mz38nF38ZM02Nd95Fw,A,question_id_4,A,A,D,05:48:31 15.10.25,1760507311
UID_mz38nF38ZM02Nd95Fw,A,facesSlider_question_id_4_rating,5,,,05:48:34 15.10.25,1760507314
UID_mz38nF38ZM02Nd95Fw,A,facesSlider_block_end_questionnaire_explanation_ONLY_PREDICTION_question_1,4,,,05:48:47 15.10.25,1760507327
UID_mz38nF38ZM02Nd95Fw,A,facesSlider_block_end_questionnaire_explanation_ONLY_PREDICTION_question_2,5,,,05:48:49 15.10.25,1760507329
UID_mz38nF38ZM02Nd95Fw,A,facesSlider_block_end_questionnaire_explanation_ONLY_PREDICTION_question_3,5,,,05:48:53 15.10.25,1760507333
UID_NX02wu39MB53nq18Rz,B,question_id_3,A,A,A,05:49:52 15.10.25,1760507392
UID_NX02wu39MB53nq18Rz,B,facesSlider_question_id_3_rating,5,,,05:49:54 15.10.25,1760507394
UID_NX02wu39MB53nq18Rz,B,question_id_22,D,B,D,05:49:59 15.10.25,1760507399
UID_NX02wu39MB53nq18Rz,B,facesSlider_question_id_22_rating,3,,,05:50:01 15.10.25,1760507401
UID_NX02wu39MB53nq18Rz,B,question_id_4,D,A,D,05:50:06 15.10.25,1760507406
UID_NX02wu39MB53nq18Rz,B,facesSlider_question_id_4_rating,4,,,05:50:09 15.10.25,1760507409
UID_NX02wu39MB53nq18Rz,B,question_id_1,D,D,D,05:50:15 15.10.25,1760507415
UID_NX02wu39MB53nq18Rz,B,facesSlider_question_id_1_rating,2,,,05:50:18 15.10.25,1760507418
UID_NX02wu39MB53nq18Rz,B,question_id_11,A,A,A,05:50:23 15.10.25,1760507423
UID_NX02wu39MB53nq18Rz,B,facesSlider_question_id_11_rating,5,,,05:50:26 15.10.25,1760507426
UID_NX02wu39MB53nq18Rz,B,question_id_15,C,C,C,05:50:32 15.10.25,1760507432
UID_NX02wu39MB53nq18Rz,B,facesSlider_question_id_15_rating,4,,,05:50:34 15.10.25,1760507434
UID_NX02wu39MB53nq18Rz,B,question_id_5,A,A,A,05:50:40 15.10.25,1760507440
UID_NX02wu39MB53nq18Rz,B,facesSlider_question_id_5_rating,4,,,05:50:42 15.10.25,1760507442
UID_NX02wu39MB53nq18Rz,B,question_id_17,A,C,A,05:50:47 15.10.25,1760507447
UID_NX02wu39MB53nq18Rz,B,facesSlider_question_id_17_rating,5,,,05:50:50 15.10.25,1760507450
UID_NX02wu39MB53nq18Rz,B,question_id_12,C,A,D,05:50:57 15.10.25,1760507457
UID_NX02wu39MB53nq18Rz,B,facesSlider_question_id_12_rating,5,,,05:50:59 15.10.25,1760507459
UID_NX02wu39MB53nq18Rz,B,question_id_20,B,B,B,05:51:05 15.10.25,1760507465
UID_NX02wu39MB53nq18Rz,B,facesSlider_question_id_20_rating,5,,,05:51:08 15.10.25,1760507468
UID_NX02wu39MB53nq18Rz,B,facesSlider_block_end_questionnaire_explanation_LLM_EXPLANATION_question_1,5,,,05:51:10 15.10.25,1760507470
UID_NX02wu39MB53nq18Rz,B,facesSlider_block_end_questionnaire_explanation_LLM_EXPLANATION_question_2,5,,,05:51:12 15.10.25,1760507472
UID_NX02wu39MB53nq18Rz,B,facesSlider_block_end_questionnaire_explanation_LLM_EXPLANATION_question_3,5,,,05:51:14 15.10.25,1760507474
UID_Eh93hV50pa35wS78XW,C,question_id_3,B,A,A,05:53:16 15.10.25,1760507596
UID_Eh93hV50pa35wS78XW,C,facesSlider_question_id_3_rating,3,,,05:53:18 15.10.25,1760507598
UID_Eh93hV50pa35wS78XW,C,question_id_15,D,C,C,05:53:23 15.10.25,1760507603
UID_Eh93hV50pa35wS78XW,C,facesSlider_question_id_15_rating,5,,,05:53:26 15.10.25,1760507606
UID_Eh93hV50pa35wS78XW,C,question_id_11,B,A,A,05:53:32 15.10.25,1760507612
UID_Eh93hV50pa35wS78XW,C,facesSlider_question_id_11_rating,3,,,05:53:34 15.10.25,1760507614
UID_Eh93hV50pa35wS78XW,C,question_id_12,A,A,D,05:53:41 15.10.25,1760507621
UID_Eh93hV50pa35wS78XW,C,facesSlider_question_id_12_rating,4,,,05:53:43 15.10.25,1760507623
UID_Eh93hV50pa35wS78XW,C,question_id_1,B,D,D,05:53:49 15.10.25,1760507629
UID_Eh93hV50pa35wS78XW,C,facesSlider_question_id_1_rating,5,,,05:53:51 15.10.25,1760507631
UID_Eh93hV50pa35wS78XW,C,question_id_20,B,B,B,05:53:57 15.10.25,1760507637
UID_Eh93hV50pa35wS78XW,C,facesSlider_question_id_20_rating,4,,,05:53:59 15.10.25,1760507639
UID_Eh93hV50pa35wS78XW,C,question_id_22,D,B,D,05:54:06 15.10.25,1760507646
UID_Eh93hV50pa35wS78XW,C,facesSlider_question_id_22_rating,5,,,05:54:07 15.10.25,1760507647
UID_Eh93hV50pa35wS78XW,C,question_id_5,A,A,A,05:54:11 15.10.25,1760507651
UID_Eh93hV50pa35wS78XW,C,facesSlider_question_id_5_rating,5,,,05:54:13 15.10.25,1760507653
UID_Eh93hV50pa35wS78XW,C,question_id_4,D,A,D,05:54:19 15.10.25,1760507659
UID_Eh93hV50pa35wS78XW,C,facesSlider_question_id_4_rating,5,,,05:54:21 15.10.25,1760507661
UID_Eh93hV50pa35wS78XW,C,question_id_17,B,C,A,05:54:28 15.10.25,1760507668
UID_Eh93hV50pa35wS78XW,C,facesSlider_question_id_17_rating,5,,,05:54:30 15.10.25,1760507670
UID_Eh93hV50pa35wS78XW,C,facesSlider_block_end_questionnaire_explanation_OTHER_EXPLANATION_question_1,3,,,05:54:33 15.10.25,1760507673
UID_Eh93hV50pa35wS78XW,C,facesSlider_block_end_questionnaire_explanation_OTHER_EXPLANATION_question_2,3,,,05:54:35 15.10.25,1760507675
UID_Eh93hV50pa35wS78XW,C,facesSlider_block_end_questionnaire_explanation_OTHER_EXPLANATION_question_3,3,,,05:54:37 15.10.25,1760507677
UID_UH82Ei72CN08OE28IY,D,question_id_5,B,A,A,05:55:33 15.10.25,1760507733
UID_UH82Ei72CN08OE28IY,D,facesSlider_question_id_5_rating,5,,,05:55:35 15.10.25,1760507735
UID_UH82Ei72CN08OE28IY,D,question_id_3,A,A,A,05:55:42 15.10.25,1760507742
UID_UH82Ei72CN08OE28IY,D,facesSlider_question_id_3_rating,5,,,05:55:44 15.10.25,1760507744
UID_UH82Ei72CN08OE28IY,D,question_id_4,D,A,D,05:55:52 15.10.25,1760507752
UID_UH82Ei72CN08OE28IY,D,facesSlider_question_id_4_rating,5,,,05:55:54 15.10.25,1760507754
UID_UH82Ei72CN08OE28IY,D,question_id_15,C,C,C,05:56:00 15.10.25,1760507760
UID_UH82Ei72CN08OE28IY,D,facesSlider_question_id_15_rating,5,,,05:56:04 15.10.25,1760507764
UID_UH82Ei72CN08OE28IY,D,question_id_20,C,B,B,05:56:09 15.10.25,1760507769
UID_UH82Ei72CN08OE28IY,D,facesSlider_question_id_20_rating,5,,,05:56:12 15.10.25,1760507772
UID_UH82Ei72CN08OE28IY,D,question_id_17,D,C,A,05:56:17 15.10.25,1760507777
UID_UH82Ei72CN08OE28IY,D,facesSlider_question_id_17_rating,5,,,05:56:19 15.10.25,1760507779
UID_UH82Ei72CN08OE28IY,D,question_id_22,C,B,D,05:56:24 15.10.25,1760507784
UID_UH82Ei72CN08OE28IY,D,facesSlider_question_id_22_rating,5,,,05:56:27 15.10.25,1760507787
UID_UH82Ei72CN08OE28IY,D,question_id_1,B,D,D,05:56:33 15.10.25,1760507793
UID_UH82Ei72CN08OE28IY,D,facesSlider_question_id_1_rating,2,,,05:56:36 15.10.25,1760507796
UID_UH82Ei72CN08OE28IY,D,question_id_11,D,A,A,05:56:42 15.10.25,1760507802
UID_UH82Ei72CN08OE28IY,D,facesSlider_question_id_11_rating,5,,,05:56:44 15.10.25,1760507804
UID_UH82Ei72CN08OE28IY,D,question_id_12,B,A,D,05:56:47 15.10.25,1760507807
UID_UH82Ei72CN08OE28IY,D,facesSlider_question_id_12_rating,5,,,05:56:49 15.10.25,1760507809
UID_UH82Ei72CN08OE28IY,D,facesSlider_block_end_questionnaire_explanation_PREDICTION_WITH_CONFIDENCE_question_1,3,,,05:56:52 15.10.25,1760507812
UID_UH82Ei72CN08OE28IY,D,facesSlider_block_end_questionnaire_explanation_PREDICTION_WITH_CONFIDENCE_question_2,3,,,05:56:53 15.10.25,1760507813
UID_UH82Ei72CN08OE28IY,D,facesSlider_block_end_questionnaire_explanation_PREDICTION_WITH_CONFIDENCE_question_3,4,,,05:56:56 15.10.25,1760507816
UID_Ef16VU53Cd11gm02av,A,question_id_4,B,A,D,05:57:53 15.10.25,1760507873
UID_Ef16VU53Cd11gm02av,A,facesSlider_question_id_4_rating,5,,,05:57:55 15.10.25,1760507875
UID_Ef16VU53Cd11gm02av,A,question_id_12,B,A,D,05:58:01 15.10.25,1760507881
UID_Ef16VU53Cd11gm02av,A,facesSlider_question_id_12_rating,5,,,05:58:03 15.10.25,1760507883
UID_Ef16VU53Cd11gm02av,A,question_id_22,A,B,D,05:58:09 15.10.25,1760507889
UID_Ef16VU53Cd11gm02av,A,facesSlider_question_id_22_rating,5,,,05:58:11 15.10.25,1760507891
UID_Ef16VU53Cd11gm02av,A,question_id_5,A,A,A,05:58:17 15.10.25,1760507897
UID_Ef16VU53Cd11gm02av,A,facesSlider_question_id_5_rating,5,,,05:58:20 15.10.25,1760507900
UID_Ef16VU53Cd11gm02av,A,question_id_15,B,C,C,05:58:28 15.10.25,1760507908
UID_Ef16VU53Cd11gm02av,A,facesSlider_question_id_15_rating,5,,,05:58:30 15.10.25,1760507910
UID_Ef16VU53Cd11gm02av,A,question_id_20,C,B,B,05:58:37 15.10.25,1760507917
UID_Ef16VU53Cd11gm02av,A,facesSlider_question_id_20_rating,4,,,05:58:38 15.10.25,1760507918
UID_Ef16VU53Cd11gm02av,A,question_id_1,B,D,D,05:58:44 15.10.25,1760507924
UID_Ef16VU53Cd11gm02av,A,facesSlider_question_id_1_rating,4,,,05:58:47 15.10.25,1760507927
UID_Ef16VU53Cd11gm02av,A,question_id_3,B,A,A,05:58:52 15.10.25,1760507932
UID_Ef16VU53Cd11gm02av,A,facesSlider_question_id_3_rating,3,,,05:58:54 15.10.25,1760507934
UID_Ef16VU53Cd11gm02av,A,question_id_11,B,A,A,05:58:57 15.10.25,1760507937
UID_Ef16VU53Cd11gm02av,A,facesSlider_question_id_11_rating,4,,,05:58:59 15.10.25,1760507939
UID_Ef16VU53Cd11gm02av,A,question_id_17,C,C,A,05:59:05 15.10.25,1760507945
UID_Ef16VU53Cd11gm02av,A,facesSlider_question_id_17_rating,5,,,05:59:07 15.10.25,1760507947
UID_Ef16VU53Cd11gm02av,A,facesSlider_block_end_questionnaire_explanation_ONLY_PREDICTION_question_1,4,,,05:59:09 15.10.25,1760507949
UID_Ef16VU53Cd11gm02av,A,facesSlider_block_end_questionnaire_explanation_ONLY_PREDICTION_question_2,2,,,05:59:12 15.10.25,1760507952
UID_Ef16VU53Cd11gm02av,A,facesSlider_block_end_questionnaire_explanation_ONLY_PREDICTION_question_3,2,,,05:59:14 15.10.25,1760507954
UID_Zb26aB23Dg23dk90KE,B,question_id_12,D,A,D,06:00:15 15.10.25,1760508015
UID_Zb26aB23Dg23dk90KE,B,facesSlider_question_id_12_rating,5,,,06:00:17 15.10.25,1760508017
UID_Zb26aB23Dg23dk90KE,B,question_id_20,B,B,B,06:00:24 15.10.25,1760508024
UID_Zb26aB23Dg23dk90KE,B,facesSlider_question_id_20_rating,5,,,06:00:26 15.10.25,1760508026
UID_Zb26aB23Dg23dk90KE,B,question_id_5,A,A,A,06:00:32 15.10.25,1760508032
UID_Zb26aB23Dg23dk90KE,B,facesSlider_question_id_5_rating,5,,,06:00:34 15.10.25,1760508034
UID_Zb26aB23Dg23dk90KE,B,question_id_11,A,A,A,06:00:39 15.10.25,1760508039
UID_Zb26aB23Dg23dk90KE,B,facesSlider_question_id_11_rating,5,,,06:00:41 15.10.25,1760508041
UID_Zb26aB23Dg23dk90KE,B,question_id_17,A,C,A,06:00:46 15.10.25,1760508046
UID_Zb26aB23Dg23dk90KE,B,facesSlider_question_id_17_rating,4,,,06:00:49 15.10.25,1760508049
UID_Zb26aB23Dg23dk90KE,B,question_id_3,A,A,A,06:00:54 15.10.25,1760508054
UID_Zb26aB23Dg23dk90KE,B,facesSlider_question_id_3_rating,5,,,06:00:56 15.10.25,1760508056
UID_Zb26aB23Dg23dk90KE,B,question_id_15,C,C,C,06:01:02 15.10.25,1760508062
UID_Zb26aB23Dg23dk90KE,B,facesSlider_question_id_15_rating,5,,,06:01:05 15.10.25,1760508065
UID_Zb26aB23Dg23dk90KE,B,question_id_1,D,D,D,06:01:09 15.10.25,1760508069
UID_Zb26aB23Dg23dk90KE,B,facesSlider_question_id_1_rating,5,,,06:01:11 15.10.25,1760508071
UID_Zb26aB23Dg23dk90KE,B,question_id_22,D,B,D,06:01:17 15.10.25,1760508077
UID_Zb26aB23Dg23dk90KE,B,facesSlider_question_id_22_rating,4,,,06:01:19 15.10.25,1760508079
UID_Zb26aB23Dg23dk90KE,B,question_id_4,A,A,D,06:01:25 15.10.25,1760508085
UID_Zb26aB23Dg23dk90KE,B,facesSlider_question_id_4_rating,5,,,06:01:28 15.10.25,1760508088
UID_Zb26aB23Dg23dk90KE,B,facesSlider_block_end_questionnaire_explanation_LLM_EXPLANATION_question_1,4,,,06:01:30 15.10.25,1760508090
UID_Zb26aB23Dg23dk90KE,B,facesSlider_block_end_questionnaire_explanation_LLM_EXPLANATION_question_2,4,,,06:01:32 15.10.25,1760508092
UID_Zb26aB23Dg23dk90KE,B,facesSlider_block_end_questionnaire_explanation_LLM_EXPLANATION_question_3,5,,,06:01:34 15.10.25,1760508094
UID_AU59Ct86Cq45VJ83xf,C,question_id_20,C,B,B,06:02:42 15.10.25,1760508162
UID_AU59Ct86Cq45VJ83xf,C,facesSlider_question_id_20_rating,5,,,06:02:45 15.10.25,1760508165
UID_AU59Ct86Cq45VJ83xf,C,question_id_15,D,C,C,06:02:50 15.10.25,1760508170
UID_AU59Ct86Cq45VJ83xf,C,facesSlider_question_id_15_rating,5,,,06:02:52 15.10.25,1760508172
UID_AU59Ct86Cq45VJ83xf,C,question_id_5,B,A,A,06:03:02 15.10.25,1760508182
UID_AU59Ct86Cq45VJ83xf,C,facesSlider_question_id_5_rating,4,,,06:03:05 15.10.25,1760508185
UID_AU59Ct86Cq45VJ83xf,C,question_id_12,B,A,D,06:03:10 15.10.25,1760508190
UID_AU59Ct86Cq45VJ83xf,C,facesSlider_question_id_12_rating,4,,,06:03:13 15.10.25,1760508193
UID_AU59Ct86Cq45VJ83xf,C,question_id_3,D,A,A,06:03:21 15.10.25,1760508201
UID_AU59Ct86Cq45VJ83xf,C,facesSlider_question_id_3_rating,5,,,06:03:23 15.10.25,1760508203
UID_AU59Ct86Cq45VJ83xf,C,question_id_1,B,D,D,06:03:30 15.10.25,1760508210
UID_AU59Ct86Cq45VJ83xf,C,facesSlider_question_id_1_rating,4,,,06:03:32 15.10.25,1760508212
UID_AU59Ct86Cq45VJ83xf,C,question_id_22,D,B,D,06:03:38 15.10.25,1760508218
UID_AU59Ct86Cq45VJ83xf,C,facesSlider_question_id_22_rating,5,,,06:03:41 15.10.25,1760508221
UID_AU59Ct86Cq45VJ83xf,C,question_id_17,A,C,A,06:03:48 15.10.25,1760508228
UID_AU59Ct86Cq45VJ83xf,C,facesSlider_question_id_17_rating,5,,,06:03:50 15.10.25,1760508230
UID_AU59Ct86Cq45VJ83xf,C,question_id_4,D,A,D,06:03:56 15.10.25,1760508236
UID_AU59Ct86Cq45VJ83xf,C,facesSlider_question_id_4_rating,5,,,06:03:58 15.10.25,1760508238
UID_AU59Ct86Cq45VJ83xf,C,question_id_11,A,A,A,06:04:08 15.10.25,1760508248
UID_AU59Ct86Cq45VJ83xf,C,facesSlider_question_id_11_rating,5,,,06:04:10 15.10.25,1760508250
UID_AU59Ct86Cq45VJ83xf,C,facesSlider_block_end_questionnaire_explanation_OTHER_EXPLANATION_question_1,5,,,06:04:12 15.10.25,1760508252
UID_AU59Ct86Cq45VJ83xf,C,facesSlider_block_end_questionnaire_explanation_OTHER_EXPLANATION_question_2,5,,,06:04:14 15.10.25,1760508254
UID_AU59Ct86Cq45VJ83xf,C,facesSlider_block_end_questionnaire_explanation_OTHER_EXPLANATION_question_3,5,,,06:04:18 15.10.25,1760508258
UID_SS03jl37sP43yy38VC,D,question_id_1,B,D,D,06:06:08 15.10.25,1760508368
UID_SS03jl37sP43yy38VC,D,facesSlider_question_id_1_rating,5,,,06:06:10 15.10.25,1760508370
UID_SS03jl37sP43yy38VC,D,question_id_15,D,C,C,06:06:20 15.10.25,1760508380
UID_SS03jl37sP43yy38VC,D,facesSlider_question_id_15_rating,4,,,06:06:22 15.10.25,1760508382
UID_SS03jl37sP43yy38VC,D,question_id_20,C,B,B,06:06:32 15.10.25,1760508392
UID_SS03jl37sP43yy38VC,D,facesSlider_question_id_20_rating,4,,,06:06:34 15.10.25,1760508394
UID_SS03jl37sP43yy38VC,D,question_id_3,B,A,A,06:06:40 15.10.25,1760508400
UID_SS03jl37sP43yy38VC,D,facesSlider_question_id_3_rating,4,,,06:06:42 15.10.25,1760508402
UID_SS03jl37sP43yy38VC,D,question_id_22,C,B,D,06:06:48 15.10.25,1760508408
UID_SS03jl37sP43yy38VC,D,facesSlider_question_id_22_rating,5,,,06:06:51 15.10.25,1760508411
UID_SS03jl37sP43yy38VC,D,question_id_12,B,A,D,06:06:57 15.10.25,1760508417
UID_SS03jl37sP43yy38VC,D,facesSlider_question_id_12_rating,5,,,06:06:59 15.10.25,1760508419
UID_SS03jl37sP43yy38VC,D,question_id_11,A,A,A,06:07:04 15.10.25,1760508424
UID_SS03jl37sP43yy38VC,D,facesSlider_question_id_11_rating,5,,,06:07:07 15.10.25,1760508427
UID_SS03jl37sP43yy38VC,D,question_id_5,A,A,A,06:07:12 15.10.25,1760508432
UID_SS03jl37sP43yy38VC,D,facesSlider_question_id_5_rating,5,,,06:07:14 15.10.25,1760508434
UID_SS03jl37sP43yy38VC,D,question_id_17,A,C,A,06:07:20 15.10.25,1760508440
UID_SS03jl37sP43yy38VC,D,facesSlider_question_id_17_rating,4,,,06:07:22 15.10.25,1760508442
UID_SS03jl37sP43yy38VC,D,question_id_4,D,A,D,06:07:28 15.10.25,1760508448
UID_SS03jl37sP43yy38VC,D,facesSlider_question_id_4_rating,5,,,06:07:30 15.10.25,1760508450
UID_SS03jl37sP43yy38VC,D,facesSlider_block_end_questionnaire_explanation_PREDICTION_WITH_CONFIDENCE_question_1,3,,,06:07:33 15.10.25,1760508453
UID_SS03jl37sP43yy38VC,D,facesSlider_block_end_questionnaire_explanation_PREDICTION_WITH_CONFIDENCE_question_2,4,,,06:07:35 15.10.25,1760508455
UID_SS03jl37sP43yy38VC,D,facesSlider_block_end_questionnaire_explanation_PREDICTION_WITH_CONFIDENCE_question_3,5,,,06:07:37 15.10.25,1760508457
UID_qs12zi22mH08EK63kC,A,question_id_12,A,A,D,06:08:44 15.10.25,1760508524
UID_qs12zi22mH08EK63kC,A,facesSlider_question_id_12_rating,5,,,06:08:45 15.10.25,1760508525
UID_qs12zi22mH08EK63kC,A,question_id_4,A,A,D,06:08:51 15.10.25,1760508531
UID_qs12zi22mH08EK63kC,A,facesSlider_question_id_4_rating,5,,,06:08:53 15.10.25,1760508533
UID_qs12zi22mH08EK63kC,A,question_id_20,D,B,B,06:08:59 15.10.25,1760508539
UID_qs12zi22mH08EK63kC,A,facesSlider_question_id_20_rating,5,,,06:09:03 15.10.25,1760508543
UID_qs12zi22mH08EK63kC,A,question_id_15,B,C,C,06:09:10 15.10.25,1760508550
UID_qs12zi22mH08EK63kC,A,facesSlider_question_id_15_rating,5,,,06:09:12 15.10.25,1760508552
UID_qs12zi22mH08EK63kC,A,question_id_5,B,A,A,06:09:18 15.10.25,1760508558
UID_qs12zi22mH08EK63kC,A,facesSlider_question_id_5_rating,4,,,06:09:20 15.10.25,1760508560
UID_qs12zi22mH08EK63kC,A,question_id_17,A,C,A,06:09:26 15.10.25,1760508566
UID_qs12zi22mH08EK63kC,A,facesSlider_question_id_17_rating,3,,,06:09:29 15.10.25,1760508569
UID_qs12zi22mH08EK63kC,A,question_id_3,A,A,A,06:09:34 15.10.25,1760508574
UID_qs12zi22mH08EK63kC,A,facesSlider_question_id_3_rating,5,,,06:09:36 15.10.25,1760508576
UID_qs12zi22mH08EK63kC,A,question_id_1,D,D,D,06:09:42 15.10.25,1760508582
UID_qs12zi22mH08EK63kC,A,facesSlider_question_id_1_rating,5,,,06:09:44 15.10.25,1760508584
UID_qs12zi22mH08EK63kC,A,question_id_22,D,B,D,06:09:50 15.10.25,1760508590
UID_qs12zi22mH08EK63kC,A,facesSlider_question_id_22_rating,5,,,06:09:52 15.10.25,1760508592
UID_qs12zi22mH08EK63kC,A,question_id_11,A,A,A,06:09:58 15.10.25,1760508598
UID_qs12zi22mH08EK63kC,A,facesSlider_question_id_11_rating,5,,,06:10:00 15.10.25,1760508600
UID_qs12zi22mH08EK63kC,A,facesSlider_block_end_questionnaire_explanation_ONLY_PREDICTION_question_1,3,,,06:10:01 15.10.25,1760508601
UID_qs12zi22mH08EK63kC,A,facesSlider_block_end_questionnaire_explanation_ONLY_PREDICTION_question_2,3,,,06:10:04 15.10.25,1760508604
UID_qs12zi22mH08EK63kC,A,facesSlider_block_end_questionnaire_explanation_ONLY_PREDICTION_question_3,3,,,06:10:06 15.10.25,1760508606
